type,series,name,ticket,freq,unstructured,nominal,block_g,block_s,block_r,block_l,months_lag,agg_method
R,gdp,,RGDP0000,q,2,0,1,0,1,0,2,mean
M,cpi,,MCPI0000,m,0,0,1,0,0,0,1,mean
X,imports_animal_and_vegetable_oils_and_fats,,XIMP1001,q,0,1,1,0,1,0,0,mean
X,imports_beverages_and_tobacco,,XIMP1002,q,0,1,1,0,1,0,0,mean
X,imports_chemicals,,XIMP1003,q,0,1,1,0,1,0,0,mean
X,imports_commodities_and_transactions_not_classified,,XIMP1004,q,0,1,1,0,1,0,0,mean
X,"imports_crude_minerals,_inedible_except_fuels",,XIMP1005,q,0,1,1,0,1,0,0,mean
X,imports_food_and_live_animals,,XIMP1006,q,0,1,1,0,1,0,0,mean
X,imports_machinery_and_transport_equipment,,XIMP1007,q,0,1,1,0,1,0,0,mean
X,imports_manufactured_goods_classified_chiefly_by_materials,,XIMP1008,q,0,1,1,0,1,0,0,mean
X,"imports_mineral_fuels,_lubricants_and_related_materials",,XIMP1009,q,0,1,1,0,1,0,0,mean
X,imports_miscellaneous_manufactured_articles,,XIMP1010,q,0,1,1,0,1,0,0,mean
X,imports_total,,XIMP1000,q,0,1,1,0,1,0,0,mean
F,fiscal_a._compensation_of_employees,,FREV1101,m,0,1,1,0,0,0,1,sum
F,fiscal_a._taxes_on_property,,FREV1102,m,0,1,1,0,0,0,1,sum
F,fiscal_b._taxes_on_goods_&_seervices,,FREV1201,m,0,1,1,0,0,0,1,sum
F,fiscal_b._use_of_goods_&_services,,FREV1202,m,0,1,1,0,0,0,1,sum
F,fiscal_c._interest,,FREV1301,m,0,1,1,0,0,0,1,sum
F,fiscal_c._taxes_on_international_trade_&_trans,,FREV1302,m,0,1,1,0,0,0,1,sum
F,fiscal_d._general_stamp_taxes,,FREV1401,m,0,1,1,0,0,0,1,sum
F,fiscal_d._subsidies,,FREV1402,m,0,1,1,0,0,0,1,sum
F,fiscal_e._grants,,FREV1501,m,0,1,1,0,0,0,1,sum
F,fiscal_e._property_income,,FREV1502,m,0,1,1,0,0,0,1,sum
F,fiscal_f._sales_of_goods_&_services,,FREV1601,m,0,1,1,0,0,0,1,sum
F,fiscal_f._social_benefits,,FREV1602,m,0,1,1,0,0,0,1,sum
F,"fiscal_g._fines,_penalties_&",,FREV1701,m,0,1,1,0,0,0,1,sum
F,fiscal_g._other_payments,,FREV1702,m,0,1,1,0,0,0,1,sum
F,fiscal_h._reimbursements_&_re,,FREV1801,m,0,1,1,0,0,0,1,sum
F,fiscal_i.__general_taxes_on_goods_&_services,,FREV1001,m,0,1,1,0,0,0,1,sum
F,fiscal_i._capital_transfers,,FREV1002,m,0,1,1,0,0,0,1,sum
F,fiscal_i._miscellaneous_&_uni,,FREV1003,m,0,1,1,0,0,0,1,sum
F,fiscal_ii.__taxes_on_specific_services,,FREV2001,m,0,1,1,0,0,0,1,sum
F,fiscal_iii._taxes_on_use/permission_to_use,,FREV2002,m,0,1,1,0,0,0,1,sum
F,fiscal_j._acq_of_non-financial_assets,,FREV1901,m,0,1,1,0,0,0,1,sum
F,fiscal_j._sale_of_non-financial_assets,,FREV1902,m,0,1,1,0,0,0,1,sum
F,fiscal_surplus/deficit,,FDEF0000,m,0,1,1,0,0,0,1,sum
F,fiscal_tax_revenue_(a+b+c+d),,FREV1000,m,0,1,1,0,0,0,1,sum
F,fiscal_total_expenditure,,FEXP0000,m,0,1,1,0,0,0,1,sum
F,fiscal_total_revenue,,FREV0000,m,0,1,1,0,0,0,1,sum
F,fiscal_value_added_tax,,FVAT0000,m,0,1,1,0,0,0,1,sum
F,arrears30,,FARR0000,m,0,1,1,0,0,0,1,last
F,banking_profit,,FBAN0000,q,0,1,1,0,0,0,1,mean
F,bisx_index,,FBIS0000,m,0,0,1,0,0,0,1,mean
F,bisx_no,,FBIS0001,m,0,0,1,0,0,0,1,last
F,bisx_value,,FBIS0002,m,0,0,1,0,0,0,1,mean
F,bisx_volume,,FBIS0003,m,0,0,1,0,0,0,1,mean
G,Gov_Credit,,GCRE0000,m,0,1,1,0,0,0,1,last
G,Priv_Credit,,GCRE0001,m,0,1,1,0,0,0,1,last
G,Rest_Pub_Sect_Credit,,GCRE0002,m,0,1,1,0,0,0,1,last
M,m1,,MCUR0001,m,0,1,1,0,0,0,1,last
M,m2,,MCUR0002,m,0,1,1,0,0,0,1,last
M,m3,,MCUR0003,m,0,1,1,0,0,0,1,last
M,Reserves,,MRES0000,m,0,1,1,0,0,0,0,last
M,Loan_Rates,,MLOA0000,m,0,0,1,0,0,0,1,mean
R,Construction_Permits_The_Bahamas_total,,RCON0000,q,0,0,1,0,1,0,1,mean
R,Construction_Starts_The_Bahamas_total,,RCON0001,q,0,0,1,0,1,0,1,mean
R,Construction_Completions_The_Bahamas_total,,RCON0002,q,0,0,1,0,1,0,1,mean
E,electricity_generated,,EGEN0000,q,0,0,1,0,1,0,2,mean
E,electricity_units_sold_domestic,,ESOLD001,q,0,0,1,0,1,0,2,mean
E,electricity_units_sold_commercial_and_industrial,,ESOLD002,q,0,0,1,0,1,0,2,mean
E,electricity_units_sold_street_lighting,,ESOLD003,q,0,0,1,0,1,0,2,mean
E,electricity_units_total_sales,,ESOLD000,q,0,0,1,0,1,0,2,mean
E,Oil_Imports_Foreign_Bunkers,,EOIL0001,q,0,0,1,0,1,0,1,mean
E,Oil_Imports_Total_Domestic,,EOIL0000,q,0,0,1,0,1,0,1,mean
R,arrivals_air_Abaco_Castaway_Cay,,RARR1001,m,0,0,1,0,1,0,1,sum
R,arrivals_air_Abaco_Cooper's_Town,,RARR1002,m,0,0,1,0,1,0,1,sum
R,arrivals_air_Abaco_Green_Turtle_Cay,,RARR1003,m,0,0,1,0,1,0,1,sum
R,arrivals_air_Abaco_Marsh_Harbour,,RARR1004,m,0,0,1,0,1,0,1,sum
R,arrivals_air_Abaco_Spanish_Cay,,RARR1005,m,0,0,1,0,1,0,1,sum
R,arrivals_air_Abaco_Treasure_Cay,,RARR1006,m,0,0,1,0,1,0,1,sum
R,arrivals_air_Abaco_Walker's_Cay,,RARR1007,m,0,0,1,0,1,0,1,sum
R,arrivals_air_Andros_Andros_Town,,RARR1008,m,0,0,1,0,1,0,1,sum
R,arrivals_air_Andros_Congo_Town,,RARR1009,m,0,0,1,0,1,0,1,sum
R,arrivals_air_Andros_San_Andros,,RARR1010,m,0,0,1,0,1,0,1,sum
R,arrivals_air_Berry_Islands_Chub_Cay,,RARR1011,m,0,0,1,0,1,0,1,sum
R,arrivals_air_Berry_Islands_Great_Harbour_Cay,,RARR1012,m,0,0,1,0,1,0,1,sum
R,arrivals_air_Berry_Islands_Great_Stirrup_Cay,,RARR1013,m,0,0,1,0,1,0,1,sum
R,arrivals_air_Berry_Islands_Lt._Stirrup_Cay/Coco_Cay,,RARR1014,m,0,0,1,0,1,0,1,sum
R,arrivals_air_Bimini_Bimini,,RARR1015,m,0,0,1,0,1,0,1,sum
R,arrivals_air_Bimini_Ocean_Cay,,RARR1016,m,0,0,1,0,1,0,1,sum
R,arrivals_air_Bimini_Resorts_World_Bimini,,RARR1017,m,0,0,1,0,1,0,1,sum
R,arrivals_air_Cat_Cay_Cat_Cay,,RARR1018,m,0,0,1,0,1,0,1,sum
R,arrivals_air_Cat_Island_Cat_Island,,RARR1019,m,0,0,1,0,1,0,1,sum
R,arrivals_air_Eleuthera_Governor's_Harbour,,RARR1020,m,0,0,1,0,1,0,1,sum
R,arrivals_air_Eleuthera_North_Eleuthera,,RARR1021,m,0,0,1,0,1,0,1,sum
R,arrivals_air_Eleuthera_Princess_Cay,,RARR1022,m,0,0,1,0,1,0,1,sum
R,arrivals_air_Eleuthera_Rock_Sound,,RARR1023,m,0,0,1,0,1,0,1,sum
R,arrivals_air_Eleuthera_Spanish_Wells,,RARR1024,m,0,0,1,0,1,0,1,sum
R,arrivals_air_Exuma_Exuma,,RARR1025,m,0,0,1,0,1,0,1,sum
R,arrivals_air_Grand_Bahama_Freeport,,RARR1026,m,0,0,1,0,1,0,1,sum
R,arrivals_air_Grand_Bahama_GBI_Yachts,,RARR1027,m,0,0,1,0,1,0,1,sum
R,arrivals_air_Grand_Bahama_West_End,,RARR1028,m,0,0,1,0,1,0,1,sum
R,arrivals_air_Half_Moon_Cay_Half_Moon_Cay,,RARR1029,m,0,0,1,0,1,0,1,sum
R,arrivals_air_Inagua_Inagua,,RARR1030,m,0,0,1,0,1,0,1,sum
R,arrivals_air_Long_Island_Long_Island,,RARR1031,m,0,0,1,0,1,0,1,sum
R,arrivals_air_Mayaguana_Mayaguana,,RARR1032,m,0,0,1,0,1,0,1,sum
R,arrivals_air_New_Providence_Nassau/Paradise_Island,,RARR1033,m,0,0,1,0,1,0,1,sum
R,arrivals_air_San_Salvador_San_Salvador,,RARR1034,m,0,0,1,0,1,0,1,sum
R,arrivals_sea_Abaco_Castaway_Cay,,RARR2001,m,0,0,1,0,1,0,1,sum
R,arrivals_sea_Abaco_Cooper's_Town,,RARR2002,m,0,0,1,0,1,0,1,sum
R,arrivals_sea_Abaco_Green_Turtle_Cay,,RARR2003,m,0,0,1,0,1,0,1,sum
R,arrivals_sea_Abaco_Marsh_Harbour,,RARR2004,m,0,0,1,0,1,0,1,sum
R,arrivals_sea_Abaco_Spanish_Cay,,RARR2005,m,0,0,1,0,1,0,1,sum
R,arrivals_sea_Abaco_Treasure_Cay,,RARR2006,m,0,0,1,0,1,0,1,sum
R,arrivals_sea_Abaco_Walker's_Cay,,RARR2007,m,0,0,1,0,1,0,1,sum
R,arrivals_sea_Andros_Andros_Town,,RARR2008,m,0,0,1,0,1,0,1,sum
R,arrivals_sea_Andros_Congo_Town,,RARR2009,m,0,0,1,0,1,0,1,sum
R,arrivals_sea_Andros_San_Andros,,RARR2010,m,0,0,1,0,1,0,1,sum
R,arrivals_sea_Berry_Islands_Chub_Cay,,RARR2011,m,0,0,1,0,1,0,1,sum
R,arrivals_sea_Berry_Islands_Great_Harbour_Cay,,RARR2012,m,0,0,1,0,1,0,1,sum
R,arrivals_sea_Berry_Islands_Great_Stirrup_Cay,,RARR2013,m,0,0,1,0,1,0,1,sum
R,arrivals_sea_Berry_Islands_Lt._Stirrup_Cay/Coco_Cay,,RARR2014,m,0,0,1,0,1,0,1,sum
R,arrivals_sea_Bimini_Bimini,,RARR2015,m,0,0,1,0,1,0,1,sum
R,arrivals_sea_Bimini_Ocean_Cay,,RARR2016,m,0,0,1,0,1,0,1,sum
R,arrivals_sea_Bimini_Resorts_World_Bimini,,RARR2017,m,0,0,1,0,1,0,1,sum
R,arrivals_sea_Cat_Cay_Cat_Cay,,RARR2018,m,0,0,1,0,1,0,1,sum
R,arrivals_sea_Cat_Island_Cat_Island,,RARR2019,m,0,0,1,0,1,0,1,sum
R,arrivals_sea_Eleuthera_Governor's_Harbour,,RARR2020,m,0,0,1,0,1,0,1,sum
R,arrivals_sea_Eleuthera_North_Eleuthera,,RARR2021,m,0,0,1,0,1,0,1,sum
R,arrivals_sea_Eleuthera_Princess_Cay,,RARR2022,m,0,0,1,0,1,0,1,sum
R,arrivals_sea_Eleuthera_Rock_Sound,,RARR2023,m,0,0,1,0,1,0,1,sum
R,arrivals_sea_Eleuthera_Spanish_Wells,,RARR2024,m,0,0,1,0,1,0,1,sum
R,arrivals_sea_Exuma_Exuma,,RARR2025,m,0,0,1,0,1,0,1,sum
R,arrivals_sea_Grand_Bahama_Freeport,,RARR2026,m,0,0,1,0,1,0,1,sum
R,arrivals_sea_Grand_Bahama_GBI_Yachts,,RARR2027,m,0,0,1,0,1,0,1,sum
R,arrivals_sea_Grand_Bahama_West_End,,RARR2028,m,0,0,1,0,1,0,1,sum
R,arrivals_sea_Half_Moon_Cay_Half_Moon_Cay,,RARR2029,m,0,0,1,0,1,0,1,sum
R,arrivals_sea_Inagua_Inagua,,RARR2030,m,0,0,1,0,1,0,1,sum
R,arrivals_sea_Long_Island_Long_Island,,RARR2031,m,0,0,1,0,1,0,1,sum
R,arrivals_sea_Mayaguana_Mayaguana,,RARR2032,m,0,0,1,0,1,0,1,sum
R,arrivals_sea_New_Providence_Nassau/Paradise_Island,,RARR2033,m,0,0,1,0,1,0,1,sum
R,arrivals_sea_San_Salvador_San_Salvador,,RARR2034,m,0,0,1,0,1,0,1,sum
R,arrivals_cruise_Abaco_Castaway_Cay,,RARR3001,m,0,0,1,0,1,0,1,sum
R,arrivals_cruise_Abaco_Cooper's_Town,,RARR3002,m,0,0,1,0,1,0,1,sum
R,arrivals_cruise_Abaco_Green_Turtle_Cay,,RARR3003,m,0,0,1,0,1,0,1,sum
R,arrivals_cruise_Abaco_Marsh_Harbour,,RARR3004,m,0,0,1,0,1,0,1,sum
R,arrivals_cruise_Abaco_Spanish_Cay,,RARR3005,m,0,0,1,0,1,0,1,sum
R,arrivals_cruise_Abaco_Treasure_Cay,,RARR3006,m,0,0,1,0,1,0,1,sum
R,arrivals_cruise_Abaco_Walker's_Cay,,RARR3007,m,0,0,1,0,1,0,1,sum
R,arrivals_cruise_Andros_Andros_Town,,RARR3008,m,0,0,1,0,1,0,1,sum
R,arrivals_cruise_Andros_Congo_Town,,RARR3009,m,0,0,1,0,1,0,1,sum
R,arrivals_cruise_Andros_San_Andros,,RARR3010,m,0,0,1,0,1,0,1,sum
R,arrivals_cruise_Berry_Islands_Chub_Cay,,RARR3011,m,0,0,1,0,1,0,1,sum
R,arrivals_cruise_Berry_Islands_Great_Harbour_Cay,,RARR3012,m,0,0,1,0,1,0,1,sum
R,arrivals_cruise_Berry_Islands_Great_Stirrup_Cay,,RARR3013,m,0,0,1,0,1,0,1,sum
R,arrivals_cruise_Berry_Islands_Lt._Stirrup_Cay/Coco_Cay,,RARR3014,m,0,0,1,0,1,0,1,sum
R,arrivals_cruise_Bimini_Bimini,,RARR3015,m,0,0,1,0,1,0,1,sum
R,arrivals_cruise_Bimini_Ocean_Cay,,RARR3016,m,0,0,1,0,1,0,1,sum
R,arrivals_cruise_Bimini_Resorts_World_Bimini,,RARR3017,m,0,0,1,0,1,0,1,sum
R,arrivals_cruise_Cat_Cay_Cat_Cay,,RARR3018,m,0,0,1,0,1,0,1,sum
R,arrivals_cruise_Cat_Island_Cat_Island,,RARR3019,m,0,0,1,0,1,0,1,sum
R,arrivals_cruise_Eleuthera_Governor's_Harbour,,RARR3020,m,0,0,1,0,1,0,1,sum
R,arrivals_cruise_Eleuthera_North_Eleuthera,,RARR3021,m,0,0,1,0,1,0,1,sum
R,arrivals_cruise_Eleuthera_Princess_Cay,,RARR3022,m,0,0,1,0,1,0,1,sum
R,arrivals_cruise_Eleuthera_Rock_Sound,,RARR3023,m,0,0,1,0,1,0,1,sum
R,arrivals_cruise_Eleuthera_Spanish_Wells,,RARR3024,m,0,0,1,0,1,0,1,sum
R,arrivals_cruise_Exuma_Exuma,,RARR3025,m,0,0,1,0,1,0,1,sum
R,arrivals_cruise_Grand_Bahama_Freeport,,RARR3026,m,0,0,1,0,1,0,1,sum
R,arrivals_cruise_Grand_Bahama_GBI_Yachts,,RARR3027,m,0,0,1,0,1,0,1,sum
R,arrivals_cruise_Grand_Bahama_West_End,,RARR3028,m,0,0,1,0,1,0,1,sum
R,arrivals_cruise_Half_Moon_Cay_Half_Moon_Cay,,RARR3029,m,0,0,1,0,1,0,1,sum
R,arrivals_cruise_Inagua_Inagua,,RARR3030,m,0,0,1,0,1,0,1,sum
R,arrivals_cruise_Long_Island_Long_Island,,RARR3031,m,0,0,1,0,1,0,1,sum
R,arrivals_cruise_Mayaguana_Mayaguana,,RARR3032,m,0,0,1,0,1,0,1,sum
R,arrivals_cruise_New_Providence_Nassau/Paradise_Island,,RARR3033,m,0,0,1,0,1,0,1,sum
R,arrivals_cruise_San_Salvador_San_Salvador,,RARR3034,m,0,0,1,0,1,0,1,sum
R,arrivals_total_Abaco_Castaway_Cay,,RARR0001,m,0,0,1,0,1,0,1,sum
R,arrivals_total_Abaco_Cooper's_Town,,RARR0002,m,0,0,1,0,1,0,1,sum
R,arrivals_total_Abaco_Green_Turtle_Cay,,RARR0003,m,0,0,1,0,1,0,1,sum
R,arrivals_total_Abaco_Marsh_Harbour,,RARR0004,m,0,0,1,0,1,0,1,sum
R,arrivals_total_Abaco_Spanish_Cay,,RARR0005,m,0,0,1,0,1,0,1,sum
R,arrivals_total_Abaco_Treasure_Cay,,RARR0006,m,0,0,1,0,1,0,1,sum
R,arrivals_total_Abaco_Walker's_Cay,,RARR0007,m,0,0,1,0,1,0,1,sum
R,arrivals_total_Andros_Andros_Town,,RARR0008,m,0,0,1,0,1,0,1,sum
R,arrivals_total_Andros_Congo_Town,,RARR0009,m,0,0,1,0,1,0,1,sum
R,arrivals_total_Andros_San_Andros,,RARR0010,m,0,0,1,0,1,0,1,sum
R,arrivals_total_Berry_Islands_Chub_Cay,,RARR0011,m,0,0,1,0,1,0,1,sum
R,arrivals_total_Berry_Islands_Great_Harbour_Cay,,RARR0012,m,0,0,1,0,1,0,1,sum
R,arrivals_total_Berry_Islands_Great_Stirrup_Cay,,RARR0013,m,0,0,1,0,1,0,1,sum
R,arrivals_total_Berry_Islands_Lt._Stirrup_Cay/Coco_Cay,,RARR0014,m,0,0,1,0,1,0,1,sum
R,arrivals_total_Bimini_Bimini,,RARR0015,m,0,0,1,0,1,0,1,sum
R,arrivals_total_Bimini_Ocean_Cay,,RARR0016,m,0,0,1,0,1,0,1,sum
R,arrivals_total_Bimini_Resorts_World_Bimini,,RARR0017,m,0,0,1,0,1,0,1,sum
R,arrivals_total_Cat_Cay_Cat_Cay,,RARR0018,m,0,0,1,0,1,0,1,sum
R,arrivals_total_Cat_Island_Cat_Island,,RARR0019,m,0,0,1,0,1,0,1,sum
R,arrivals_total_Eleuthera_Governor's_Harbour,,RARR0020,m,0,0,1,0,1,0,1,sum
R,arrivals_total_Eleuthera_North_Eleuthera,,RARR0021,m,0,0,1,0,1,0,1,sum
R,arrivals_total_Eleuthera_Princess_Cay,,RARR0022,m,0,0,1,0,1,0,1,sum
R,arrivals_total_Eleuthera_Rock_Sound,,RARR0023,m,0,0,1,0,1,0,1,sum
R,arrivals_total_Eleuthera_Spanish_Wells,,RARR0024,m,0,0,1,0,1,0,1,sum
R,arrivals_total_Exuma_Exuma,,RARR0025,m,0,0,1,0,1,0,1,sum
R,arrivals_total_Grand_Bahama_Freeport,,RARR0026,m,0,0,1,0,1,0,1,sum
R,arrivals_total_Grand_Bahama_GBI_Yachts,,RARR0027,m,0,0,1,0,1,0,1,sum
R,arrivals_total_Grand_Bahama_West_End,,RARR0028,m,0,0,1,0,1,0,1,sum
R,arrivals_total_Half_Moon_Cay_Half_Moon_Cay,,RARR0029,m,0,0,1,0,1,0,1,sum
R,arrivals_total_Inagua_Inagua,,RARR0030,m,0,0,1,0,1,0,1,sum
R,arrivals_total_Long_Island_Long_Island,,RARR0031,m,0,0,1,0,1,0,1,sum
R,arrivals_total_Mayaguana_Mayaguana,,RARR0032,m,0,0,1,0,1,0,1,sum
R,arrivals_total_New_Providence_Nassau/Paradise_Island,,RARR0033,m,0,0,1,0,1,0,1,sum
R,arrivals_total_San_Salvador_San_Salvador,,RARR0034,m,0,0,1,0,1,0,1,sum
R,totalarrivals,,RARR0000,m,0,0,1,0,1,0,1,sum
R,arrivals_airAllAll,,RARR1000,m,0,0,1,0,1,0,1,sum
R,arrivals_cruiseAllAll,,RARR2000,m,0,0,1,0,1,0,1,sum
R,arrivals_seaAllAll,,RARR3000,m,0,0,1,0,1,0,1,sum
E,brent_price,,EBRE0000,m,0,1,1,0,0,0,0,mean
X,fred_SP500,,XSP50000,m,0,1,1,0,0,0,0,mean
X,fred_DJIA,,XDJI0000,m,0,1,1,0,0,0,0,mean
X,fred_NASDAQCOM,,XNAS0000,m,0,1,1,0,0,0,0,mean
X,Exp_can,,XEXP0010,m,0,1,1,0,1,0,0,sum
X,Exp_uk,,XEXP0020,m,0,1,1,0,1,0,0,sum
X,Exp_eu,,XEXP0030,m,0,1,1,0,1,0,1,sum
X,Exp_usa,,XEXP0040,m,0,1,1,0,1,0,0,sum
X,Exp_main,,XEXP0000,m,0,1,1,0,1,0,0,sum
X,Imp_can,,XIMP0010,m,0,1,1,0,1,0,0,sum
X,Imp_uk,,XIMP0020,m,0,1,1,0,1,0,0,sum
X,Imp_eu,,XIMP0030,m,0,1,1,0,1,0,1,sum
X,Imp_usa,,XIMP0040,m,0,1,1,0,1,0,0,sum
X,Imp_main,,XIMP0000,m,0,1,1,0,1,0,0,sum
G,primary_balance,,GPRI0000,m,0,1,1,0,0,0,1,sum
G,primary_expenditure,,GPRI0001,m,0,1,1,0,0,0,1,sum
G,Current_Acc_Balance,,GCUR0000,q,0,1,1,0,1,0,2,mean
U,gt_bahamas_flights_us,,UGTR0000,m,1,0,1,0,1,0,0,mean
U,gt_bahamas_hotels_us,,UGTR0001,m,1,0,1,0,1,0,0,mean
U,gt_bahamas_cruise_us,,UGTR0002,m,1,0,1,0,1,0,0,mean
U,gt_bahamas_flights_,,UGTR0003,m,1,0,1,0,1,0,0,mean
U,gt_bahamas_hotels_,,UGTR0004,m,1,0,1,0,1,0,0,mean
U,gt_bahamas_cruise_,,UGTR0005,m,1,0,1,0,1,0,0,mean
U,gt_restaurant_bs,,UGTR0006,m,1,0,1,0,1,0,0,mean
U,gt_jobs_bs,,UGTR0007,m,1,0,1,0,1,0,0,mean
U,gt_kraven_bs,,UGTR0008,m,1,0,1,0,1,0,0,mean
U,gt_linkedin_bs,,UGTR0009,m,1,0,1,0,1,0,0,mean
U,gt_242_jobs_bs,,UGTR0010,m,1,0,1,0,1,0,0,mean
U,gt_newspapers_bs,,UGTR0011,m,1,0,1,0,1,0,0,mean
U,gt_ministry_labour_bs,,UGTR0012,m,1,0,1,0,1,0,0,mean
U,gt_jobs_employment_bahamas_bs,,UGTR0013,m,1,0,1,0,1,0,0,mean
U,gt_salaries_bs,,UGTR0014,m,1,0,1,0,1,0,0,mean
U,gt_government_employment_bs,,UGTR0015,m,1,0,1,0,1,0,0,mean
U,gt_wendy's_bs,,UGTR0016,m,1,0,1,0,1,0,0,mean
U,gt_kfc_bs,,UGTR0017,m,1,0,1,0,1,0,0,mean
U,gt_bamboo_shack_bs,,UGTR0018,m,1,0,1,0,1,0,0,mean
U,gt_mcdonalds_bs,,UGTR0019,m,1,0,1,0,1,0,0,mean
U,gt_apple_bs,,UGTR0020,m,1,0,1,0,1,0,0,mean
U,gt_samsung_bs,,UGTR0021,m,1,0,1,0,1,0,0,mean
U,gt_iphone_bs,,UGTR0022,m,1,0,1,0,1,0,0,mean
U,gt_android_bs,,UGTR0023,m,1,0,1,0,1,0,0,mean
U,gt_mac_bs,,UGTR0024,m,1,0,1,0,1,0,0,mean
U,gt_hp_bs,,UGTR0025,m,1,0,1,0,1,0,0,mean
U,gt_dell_bs,,UGTR0026,m,1,0,1,0,1,0,0,mean
U,gt_tablets_bs,,UGTR0027,m,1,0,1,0,1,0,0,mean
U,gt_kelly's_bs,,UGTR0028,m,1,0,1,0,1,0,0,mean
U,gt_kelly's_department_store_bs,,UGTR0029,m,1,0,1,0,1,0,0,mean
U,gt_john_bull_bs,,UGTR0030,m,1,0,1,0,1,0,0,mean
U,gt_walmart_bs,,UGTR0031,m,1,0,1,0,1,0,0,mean
U,gt_supervalue_bs,,UGTR0032,m,1,0,1,0,1,0,0,mean
U,gt_super_value_bs,,UGTR0033,m,1,0,1,0,1,0,0,mean
U,gt_solomons_bs,,UGTR0034,m,1,0,1,0,1,0,0,mean
U,gt_solomon's_bs,,UGTR0035,m,1,0,1,0,1,0,0,mean
U,gt_cost_right_bs,,UGTR0036,m,1,0,1,0,1,0,0,mean
U,gt_extravalue_bs,,UGTR0037,m,1,0,1,0,1,0,0,mean
U,gt_amazon_bs,,UGTR0038,m,1,0,1,0,1,0,0,mean
U,gt_cbs_bs,,UGTR0039,m,1,0,1,0,1,0,0,mean
U,gt_facebook_market_bs,,UGTR0040,m,1,0,1,0,1,0,0,mean
U,gt_facebook_marketplace_bs,,UGTR0041,m,1,0,1,0,1,0,0,mean
U,gt_aid_bs,,UGTR0042,m,1,0,1,0,1,0,0,mean
U,gt_junkanoo_bs,,UGTR0044,m,1,0,1,0,1,0,0,mean
U,gt_netflix_bs,,UGTR0045,m,1,0,1,0,1,0,0,mean
U,gt_amazon_prime_bs,,UGTR0046,m,1,0,1,0,1,0,0,mean
U,gt_fusion_superplex_bs,,UGTR0047,m,1,0,1,0,1,0,0,mean
U,gt_island_house_bs,,UGTR0048,m,1,0,1,0,1,0,0,mean
U,gt_live_music_bs,,UGTR0049,m,1,0,1,0,1,0,0,mean
U,gt_movie_threaters_bs,,UGTR0050,m,1,0,1,0,1,0,0,mean
U,gt_rbc_bs,,UGTR0051,m,1,0,1,0,1,0,0,mean
U,gt_commonwealth_bank_bs,,UGTR0052,m,1,0,1,0,1,0,0,mean
U,gt_royal_bank_bs,,UGTR0053,m,1,0,1,0,1,0,0,mean
U,gt_scotia_bs,,UGTR0054,m,1,0,1,0,1,0,0,mean
U,gt_cibc_bs,,UGTR0055,m,1,0,1,0,1,0,0,mean
U,gt_bank_of_the_bahamas_bs,,UGTR0056,m,1,0,1,0,1,0,0,mean
U,gt_fidelity_bs,,UGTR0057,m,1,0,1,0,1,0,0,mean
U,gt_fcibc_bs,,UGTR0058,m,1,0,1,0,1,0,0,mean
U,gt_bitcoin_bs,,UGTR0059,m,1,0,1,0,1,0,0,mean
U,gt_credit_union_bs,,UGTR0060,m,1,0,1,0,1,0,0,mean
U,gt_toyota_bs,,UGTR0061,m,1,0,1,0,1,0,0,mean
U,gt_suzuki_bs,,UGTR0062,m,1,0,1,0,1,0,0,mean
U,gt_kia_bs,,UGTR0063,m,1,0,1,0,1,0,0,mean
U,gt_hyundai_bs,,UGTR0064,m,1,0,1,0,1,0,0,mean
U,gt_bmw_bs,,UGTR0065,m,1,0,1,0,1,0,0,mean
U,gt_nissan_bs,,UGTR0067,m,1,0,1,0,1,0,0,mean
U,gt_honda_bs,,UGTR0068,m,1,0,1,0,1,0,0,mean
U,gt_accord_bs,,UGTR0069,m,1,0,1,0,1,0,0,mean
U,gt_beforward_bs,,UGTR0070,m,1,0,1,0,1,0,0,mean
U,gt_be_forward_bs,,UGTR0071,m,1,0,1,0,1,0,0,mean
U,gt_cheap_cars_bs,,UGTR0072,m,1,0,1,0,1,0,0,mean
U,gt_sbt_japan_bs,,UGTR0073,m,1,0,1,0,1,0,0,mean
U,gt_car_dealership_bs,,UGTR0074,m,1,0,1,0,1,0,0,mean
U,gt_apartments_for_rent_bs,,UGTR0075,m,1,0,1,0,1,0,0,mean
U,gt_property_for_sales_bs,,UGTR0076,m,1,0,1,0,1,0,0,mean
U,gt_bahamas_real_estate_bs,,UGTR0077,m,1,0,1,0,1,0,0,mean
U,gt_rental_properties_bs,,UGTR0078,m,1,0,1,0,1,0,0,mean
U,gt_real_estate_bs,,UGTR0079,m,1,0,1,0,1,0,0,mean
U,gt_usa_flights_bs,,UGTR0080,m,1,0,1,0,1,0,0,mean
U,gt_florida_flights_bs,,UGTR0081,m,1,0,1,0,1,0,0,mean
U,gt_miami_flights_bs,,UGTR0082,m,1,0,1,0,1,0,0,mean
U,gt_miami_hotels_bs,,UGTR0083,m,1,0,1,0,1,0,0,mean
U,gt_orlando_flights_bs,,UGTR0084,m,1,0,1,0,1,0,0,mean
U,gt_orlando_hotels_bs,,UGTR0085,m,1,0,1,0,1,0,0,mean
U,gt_nassau_bs,,UGTR0086,m,1,0,1,0,1,0,0,mean
U,gt_exuma_bs,,UGTR0087,m,1,0,1,0,1,0,0,mean
U,gt_dubai_flights_bs,,UGTR0088,m,1,0,1,0,1,0,0,mean
U,gt_abaco_bs,,UGTR0089,m,1,0,1,0,1,0,0,mean
U,gt_harbour_island_bs,,UGTR0090,m,1,0,1,0,1,0,0,mean
U,gt_canada_flights_bs,,UGTR0091,m,1,0,1,0,1,0,0,mean
U,gt_six_flags_bs,,UGTR0092,m,1,0,1,0,1,0,0,mean
U,gt_disney_world_bs,,UGTR0093,m,1,0,1,0,1,0,0,mean
U,gt_water_parks_bs,,UGTR0094,m,1,0,1,0,1,0,0,mean
U,gt_rooms_to_go_bs,,UGTR0095,m,1,0,1,0,1,0,0,mean
U,gt_worldwide_courier_bs,,UGTR0096,m,1,0,1,0,1,0,0,mean
U,gt_fedex_bs,,UGTR0097,m,1,0,1,0,1,0,0,mean
U,gt_dhl_bs,,UGTR0098,m,1,0,1,0,1,0,0,mean
U,gt_700_wines_and_spirits_bs,,UGTR0099,m,1,0,1,0,1,0,0,mean
U,gt_fresh_market_bs,,UGTR0100,m,1,0,1,0,1,0,0,mean
U,gt_select_mean,,UGTR1000,m,1,0,1,0,1,0,0,mean
U,gt_all_mean,,UGTR1001,m,1,0,1,0,1,0,0,mean
U,ntl1_airport_meanw90,,UNTL9103,m,1,0,1,0,1,0,0,mean
U,ntl1_consumption_meanw90,,UNTL9104,m,1,0,1,0,1,0,0,mean
U,ntl1_hotel_meanw90,,UNTL9105,m,1,0,1,0,1,0,0,mean
U,ntl1_ports_meanw90,,UNTL9106,m,1,0,1,0,1,0,0,mean
U,ntl1_airport_sumw90,,UNTL9107,m,1,0,1,0,1,0,0,mean
U,ntl1_consumption_sumw90,,UNTL9108,m,1,0,1,0,1,0,0,mean
U,ntl1_hotel_sumw90,,UNTL9109,m,1,0,1,0,1,0,0,mean
U,ntl1_ports_sumw90,,UNTL9110,m,1,0,1,0,1,0,0,mean
U,ntl3_airport_meanw90,,UNTL9303,m,1,0,1,0,1,0,0,mean
U,ntl3_consumption_meanw90,,UNTL9304,m,1,0,1,0,1,0,0,mean
U,ntl3_hotel_meanw90,,UNTL9305,m,1,0,1,0,1,0,0,mean
U,ntl3_ports_meanw90,,UNTL9306,m,1,0,1,0,1,0,0,mean
U,ntl3_airport_sumw90,,UNTL9307,m,1,0,1,0,1,0,0,mean
U,ntl3_consumption_sumw90,,UNTL9308,m,1,0,1,0,1,0,0,mean
U,ntl3_hotel_sumw90,,UNTL9309,m,1,0,1,0,1,0,0,mean
U,ntl3_ports_sumw90,,UNTL9310,m,1,0,1,0,1,0,0,mean
U,ntl1_sumw90,,UNTL9100,m,1,0,1,0,1,0,0,mean
U,ntl1_meanw90,,UNTL9101,m,1,0,1,0,1,0,0,mean
U,ntl3_sumw90,,UNTL9300,m,1,0,1,0,1,0,0,mean
U,ntl3_meanw90,,UNTL9301,m,1,0,1,0,1,0,0,mean
F,Current_Acc_Balance,,FCUR0000,q,0,1,1,0,1,0,2,mean
F,capital_account_payments_capital_account_payments,,FCAP0000,q,0,1,1,0,1,0,2,mean
F,capital_account_payments_capital_transfers,,FCAP0001,q,0,1,1,0,1,0,2,mean
F,capital_account_receipts_capital_account_receipts,,FCAP0002,q,0,1,1,0,1,0,2,mean
F,capital_account_receipts_capital_transfers,,FCAP0003,q,0,1,1,0,1,0,2,mean
F,current_account_payments_business_services,,FCAP0004,q,0,1,1,0,1,0,2,mean
F,current_account_payments_construction,,FCAP0005,q,0,1,1,0,1,0,2,mean
F,current_account_payments_employee_compensation,,FCAP0006,q,0,1,1,0,1,0,2,mean
F,current_account_payments_goods_imports,,FCAP0007,q,0,1,1,0,1,0,2,mean
F,current_account_payments_government_services,,FCAP0008,q,0,1,1,0,1,0,2,mean
F,current_account_payments_ict_services,,FCAP0009,q,0,1,1,0,1,0,2,mean
F,current_account_payments_insurance_services,,FCAP0010,q,0,1,1,0,1,0,2,mean
F,current_account_payments_investment_income,,FCAP0011,q,0,1,1,0,1,0,2,mean
F,current_account_payments_other_business_services,,FCAP0012,q,0,1,1,0,1,0,2,mean
F,current_account_payments_primary_income,,FCAP0013,q,0,1,1,0,1,0,2,mean
F,current_account_payments_secondary_income,,FCAP0014,q,0,1,1,0,1,0,2,mean
F,current_account_payments_services,,FCAP0015,q,0,1,1,0,1,0,2,mean
F,current_account_payments_total_payments,,FCAP0016,q,0,1,1,0,1,0,2,mean
F,current_account_payments_transportation,,FCAP0017,q,0,1,1,0,1,0,2,mean
F,current_account_payments_travel,,FCAP0018,q,0,1,1,0,1,0,2,mean
F,current_account_payments_use_of_intellectual_property,,FCAP0019,q,0,1,1,0,1,0,2,mean
F,current_account_receipts_,,FCAP0020,q,0,1,1,0,1,0,2,mean
F,current_account_receipts_business_services,,FCAP0021,q,0,1,1,0,1,0,2,mean
F,current_account_receipts_construction,,FCAP0022,q,0,1,1,0,1,0,2,mean
F,current_account_receipts_current_account_receipts,,FCAP0023,q,0,1,1,0,1,0,2,mean
F,current_account_receipts_employee_compensation,,FCAP0024,q,0,1,1,0,1,0,2,mean
F,current_account_receipts_goods_exports,,FCAP0025,q,0,1,1,0,1,0,2,mean
F,current_account_receipts_government_services,,FCAP0026,q,0,1,1,0,1,0,2,mean
F,current_account_receipts_ict_services,,FCAP0027,q,0,1,1,0,1,0,2,mean
F,current_account_receipts_insurance_services,,FCAP0028,q,0,1,1,0,1,0,2,mean
F,current_account_receipts_investment_income,,FCAP0029,q,0,1,1,0,1,0,2,mean
F,current_account_receipts_other_business_services,,FCAP0030,q,0,1,1,0,1,0,2,mean
F,current_account_receipts_primary_income,,FCAP0031,q,0,1,1,0,1,0,2,mean
F,current_account_receipts_secondary_income,,FCAP0032,q,0,1,1,0,1,0,2,mean
F,current_account_receipts_services,,FCAP0033,q,0,1,1,0,1,0,2,mean
F,current_account_receipts_total_receipts,,FCAP0034,q,0,1,1,0,1,0,2,mean
F,current_account_receipts_transportation,,FCAP0035,q,0,1,1,0,1,0,2,mean
F,current_account_receipts_travel,,FCAP0036,q,0,1,1,0,1,0,2,mean
F,current_account_receipts_use_of_intellectual_property,,FCAP0037,q,0,1,1,0,1,0,2,mean
F,financial_account_direct_investment,,FFIN0001,q,0,1,1,0,1,0,2,mean
F,financial_account_financial_account,,FFIN0002,q,0,1,1,0,1,0,2,mean
F,financial_account_other_investment,,FFIN0003,q,0,1,1,0,1,0,2,mean
F,financial_account_portfolio_investment,,FFIN0004,q,0,1,1,0,1,0,2,mean
F,financial_account_reserve_assets,,FFIN0005,q,0,1,1,0,1,0,2,mean
F,net_acquisition_of_fin_assets_direct_investment,,FNET0001,q,0,1,1,0,1,0,2,mean
F,net_acquisition_of_fin_assets_net_acquisition_of_fin_assets,,FNET0002,q,0,1,1,0,1,0,2,mean
F,net_acquisition_of_fin_assets_net_incurrence_of_fin_liabilities,,FNET0003,q,0,1,1,0,1,0,2,mean
F,net_acquisition_of_fin_assets_other_investment,,FNET0004,q,0,1,1,0,1,0,2,mean
F,net_acquisition_of_fin_assets_portfolio_investment,,FNET0005,q,0,1,1,0,1,0,2,mean
F,net_errors_omissions,,FERR0000,q,0,1,1,0,1,0,2,mean
U,ntl1_airport_meanw30,,UNTL3103,m,1,0,1,0,1,0,0,mean
U,ntl1_consumption_meanw30,,UNTL3104,m,1,0,1,0,1,0,0,mean
U,ntl1_hotel_meanw30,,UNTL3105,m,1,0,1,0,1,0,0,mean
U,ntl1_ports_meanw30,,UNTL3106,m,1,0,1,0,1,0,0,mean
U,ntl1_airport_sumw30,,UNTL3107,m,1,0,1,0,1,0,0,mean
U,ntl1_consumption_sumw30,,UNTL3108,m,1,0,1,0,1,0,0,mean
U,ntl1_hotel_sumw30,,UNTL3109,m,1,0,1,0,1,0,0,mean
U,ntl1_ports_sumw30,,UNTL3110,m,1,0,1,0,1,0,0,mean
U,ntl3_airport_meanw30,,UNTL3303,m,1,0,1,0,1,0,0,mean
U,ntl3_consumption_meanw30,,UNTL3304,m,1,0,1,0,1,0,0,mean
U,ntl3_hotel_meanw30,,UNTL3305,m,1,0,1,0,1,0,0,mean
U,ntl3_ports_meanw30,,UNTL3306,m,1,0,1,0,1,0,0,mean
U,ntl3_airport_sumw30,,UNTL3307,m,1,0,1,0,1,0,0,mean
U,ntl3_consumption_sumw30,,UNTL3308,m,1,0,1,0,1,0,0,mean
U,ntl3_hotel_sumw30,,UNTL3309,m,1,0,1,0,1,0,0,mean
U,ntl3_ports_sumw30,,UNTL3310,m,1,0,1,0,1,0,0,mean
U,ntl1_sumw30,,UNTL3100,m,1,0,1,0,1,0,0,mean
U,ntl1_meanw30,,UNTL3101,m,1,0,1,0,1,0,0,mean
U,ntl3_sumw30,,UNTL3300,m,1,0,1,0,1,0,0,mean
U,ntl3_meanw30,,UNTL3301,m,1,0,1,0,1,0,0,mean
