date,gt_bahamas_hotels_united_states,gt_242_jobs_bahamas,gt_wendys_bahamas,gt_kfc_bahamas,gt_bamboo_shack_bahamas,gt_mcdonalds_bahamas,gt_apple_bahamas,gt_samsung_bahamas,gt_iphone_bahamas,gt_android_bahamas,gt_mac_bahamas,gt_bahamas_cruise_united_states,gt_hp_bahamas,gt_dell_bahamas,gt_tablets_bahamas,gt_kelly_s_bahamas,gt_john_bull_bahamas,gt_walmart_bahamas,gt_solomons_bahamas,gt_super_value_bahamas,gt_cost_right_bahamas,gt_amazon_bahamas,gt_bahamas_flights_worldwide,gt_cbs_bahamas,gt_cbs_bahamas,gt_facebook_marketplace_bahamas,gt_junkanoo_bahamas,gt_netflix_bahamas,gt_amazon_prime_bahamas,gt_fusion_superplex_bahamas,gt_island_house_bahamas,gt_rbc_bahamas,gt_commonwealth_bank_bahamas,gt_bahamas_hotels_worldwide,gt_royal_bank_bahamas,gt_scotia_bahamas,gt_cibc_bahamas,gt_bank_of_the_bahamas_bahamas,gt_fidelity_bahamas,gt_bitcoin_bahamas,gt_toyota_bahamas,gt_suzuki_bahamas,gt_kia_bahamas,gt_hyundai_bahamas,gt_bahamas_cruise_worldwide,gt_bmw_bahamas,gt_nissan_bahamas,gt_honda_bahamas,gt_accord_bahamas,gt_beforward_bahamas,gt_be_forward_bahamas,gt_sbt_japan_bahamas,gt_apartments_for_rent_bahamas,gt_miami_flights_bahamas,gt_orlando_flights_bahamas,gt_restaurant_bahamas,gt_miami_hotels_bahamas,gt_orlando_hotels_bahamas,gt_nassau_bahamas,gt_exuma_bahamas,gt_abaco_bahamas,gt_harbour_island_bahamas,gt_disney_world_bahamas,gt_rooms_to_go_bahamas,gt_fedex_bahamas,gt_700_wines_and_spirits_bahamas,gt_jobs_bahamas,gt_fresh_market_bahamas,gt_airbnb_bahamas_worldwide,gt_kraven_bahamas,gt_linkedin_bahamas
2004-01-01,100,0,0,0,0,0,0,0,0,0,0,49,0,0,0,0,0,0,0,0,0,0,55,0,0,0,0,0,0,0,0,0,0,100,0,0,0,0,0,0,100,0,0,0,77,0,0,0,0,0,0,0,0,0,0,0,0,0,34,0,0,0,0,0,0,0,59,0,0,0,0
2004-02-01,83,0,0,0,0,0,0,0,0,0,0,45,77,0,0,0,0,0,0,0,0,0,55,0,0,0,0,0,0,0,0,0,0,80,0,0,0,0,0,0,0,0,0,0,65,0,0,0,0,0,0,0,0,0,0,0,0,0,41,0,0,0,0,0,0,0,0,0,0,0,0
2004-03-01,81,0,0,0,0,0,0,0,0,0,0,40,0,0,0,0,0,0,0,0,0,0,39,0,0,0,0,0,0,0,0,0,0,72,0,0,0,0,0,0,0,0,0,0,51,0,0,0,0,0,0,0,0,0,0,0,0,0,19,0,0,0,0,0,0,0,0,0,0,0,0
2004-04-01,76,0,0,0,0,0,0,0,0,0,0,39,0,0,0,0,0,0,0,0,0,0,43,0,0,0,0,0,0,0,0,0,0,81,0,0,0,0,0,0,0,0,0,0,56,0,100,0,0,0,0,0,0,0,0,0,0,0,27,0,0,0,0,0,0,0,0,0,0,0,0
2004-05-01,67,0,0,0,0,0,0,0,0,0,0,40,0,100,0,0,0,0,0,0,0,0,42,0,0,0,0,0,0,0,0,0,0,61,0,0,0,0,0,0,0,0,0,0,63,0,0,49,0,0,0,0,0,0,0,0,0,0,26,0,0,0,0,0,0,0,0,0,0,0,0
2004-06-01,56,0,0,0,0,0,0,0,0,0,53,42,0,0,0,0,0,0,0,0,0,17,49,0,0,0,0,0,0,0,0,0,0,51,0,0,0,0,0,0,0,0,0,0,55,0,0,67,0,0,0,0,0,0,0,0,0,0,20,0,0,0,0,0,0,0,0,0,0,0,0
2004-07-01,57,0,0,0,0,0,0,0,0,0,100,45,74,94,0,0,0,0,0,0,0,0,33,0,0,0,0,0,0,0,0,0,0,55,0,0,0,0,0,0,0,0,0,0,63,0,0,0,0,0,0,0,0,0,0,0,0,0,26,0,0,0,0,0,0,0,0,0,0,0,0
2004-08-01,49,0,0,0,0,0,0,0,0,0,0,39,0,0,0,0,0,0,0,0,0,0,33,100,100,0,0,0,0,0,0,0,0,52,0,0,0,0,0,0,0,0,0,0,58,0,0,100,0,0,0,0,0,0,0,0,0,0,27,0,0,0,0,0,0,0,61,0,0,0,0
2004-09-01,46,0,0,0,0,0,0,0,0,0,0,25,0,0,0,0,0,0,0,0,0,0,34,0,0,0,0,0,0,0,0,0,0,46,0,0,0,0,0,0,0,0,0,0,36,0,0,0,0,0,0,0,0,0,0,0,0,0,24,0,93,0,0,0,0,0,64,0,0,0,0
2004-10-01,38,0,0,0,0,0,0,0,0,0,0,19,97,0,0,0,0,0,0,0,0,0,29,0,0,0,0,0,0,0,0,0,0,45,0,0,0,0,0,0,0,0,0,0,29,0,0,0,0,0,0,0,0,0,0,0,0,0,26,0,0,0,0,0,0,0,0,0,0,0,0
2004-11-01,53,0,0,0,0,0,0,0,0,0,0,25,0,0,0,0,0,0,0,0,0,0,34,0,0,0,0,0,0,0,0,0,0,56,0,0,0,0,0,0,0,0,0,0,35,34,0,0,0,0,0,0,0,0,0,0,0,0,29,0,0,0,0,0,0,0,0,0,0,0,0
2004-12-01,65,0,0,0,0,0,0,0,0,0,0,32,100,0,0,0,0,0,0,0,0,0,39,0,0,0,74,0,0,100,0,0,0,63,0,0,0,0,0,0,0,0,0,0,45,0,0,0,0,0,0,0,0,0,0,0,0,0,30,0,0,0,0,0,0,0,48,0,0,0,0
2005-01-01,93,0,0,0,0,0,0,0,0,0,0,44,65,0,0,0,0,0,0,0,0,0,63,0,0,0,59,0,0,0,0,0,0,91,0,0,0,0,0,0,0,0,0,0,66,0,0,50,0,0,0,0,0,0,0,58,0,0,26,0,0,0,0,0,0,0,47,0,0,0,0
2005-02-01,93,0,0,0,0,0,0,0,0,0,0,42,61,68,0,0,0,0,0,0,0,0,58,0,0,0,0,0,0,0,0,0,0,86,0,0,0,0,0,0,0,0,0,0,62,0,57,39,0,0,0,0,0,0,0,0,0,0,30,0,0,0,0,0,0,0,0,0,0,0,0
2005-03-01,78,0,0,0,0,0,0,0,0,0,0,41,46,0,0,0,0,0,0,0,0,0,40,0,0,0,0,0,0,0,0,0,0,74,0,0,0,0,0,0,0,0,0,0,59,0,53,0,0,0,0,0,0,0,0,0,0,0,26,0,0,100,0,0,0,0,35,0,0,0,0
2005-04-01,70,0,0,0,0,0,0,0,0,0,46,38,0,0,0,0,0,0,0,0,0,0,32,0,0,0,0,0,0,0,0,0,60,68,0,0,0,0,0,0,64,0,0,0,50,0,0,0,0,0,0,0,0,0,0,0,0,0,30,0,0,0,0,0,0,0,52,0,0,0,0
2005-05-01,68,0,0,0,0,0,0,0,0,0,51,33,54,0,0,0,0,0,0,0,0,0,43,0,0,0,48,0,0,0,0,0,0,64,0,0,0,0,0,0,0,0,0,0,46,0,54,0,0,0,0,0,0,0,0,0,0,0,29,0,48,0,0,0,0,0,39,0,0,0,0
2005-06-01,56,0,0,0,0,0,0,0,0,0,0,37,59,51,0,0,0,0,0,0,0,11,42,0,0,0,0,0,0,0,0,0,0,55,0,0,0,0,0,0,0,0,0,0,50,0,0,0,0,0,0,0,0,0,0,0,0,0,32,81,69,0,0,0,0,0,0,0,0,0,0
2005-07-01,55,0,0,0,0,0,0,0,0,0,0,28,51,0,0,0,0,19,0,0,0,0,40,0,0,0,0,0,0,0,0,0,0,56,0,0,0,0,0,0,0,0,0,0,44,0,68,52,0,0,0,0,0,0,0,0,0,0,30,0,59,0,0,0,0,0,0,0,0,0,0
2005-08-01,55,0,0,0,0,0,0,0,0,0,35,23,64,68,0,0,0,25,0,0,0,0,33,0,0,0,0,0,0,0,0,0,0,55,0,84,0,0,0,0,0,0,0,0,33,0,0,46,0,0,0,0,0,0,0,43,0,0,35,0,0,0,0,0,0,0,0,0,0,0,0
2005-09-01,38,0,0,0,0,0,0,33,0,0,48,21,61,0,0,0,0,15,0,0,0,0,29,0,0,0,0,0,0,0,0,0,0,41,0,0,0,0,0,0,0,0,0,0,31,0,0,49,0,0,0,0,0,0,0,0,0,0,26,0,0,0,0,0,0,0,0,0,0,0,0
2005-10-01,49,0,0,0,0,0,0,0,0,0,45,25,39,45,0,0,0,13,0,0,0,9,36,0,0,0,0,0,0,0,0,0,0,44,0,0,0,0,0,0,0,0,0,0,34,0,39,38,0,0,0,0,0,0,0,0,0,0,27,0,48,0,0,0,0,0,34,0,0,0,0
2005-11-01,56,0,0,0,0,0,45,0,0,0,37,23,65,0,0,0,0,25,0,0,0,14,33,0,0,0,44,0,0,0,0,0,0,53,0,0,0,0,0,0,0,0,0,0,35,0,0,46,0,0,0,0,0,0,0,0,0,0,34,0,0,0,0,0,0,0,27,0,0,0,0
2005-12-01,57,0,0,0,0,0,41,0,0,0,0,32,47,62,0,0,0,31,0,0,0,0,36,0,0,0,72,0,0,0,0,0,0,56,0,0,0,0,0,0,0,0,0,0,43,0,37,37,0,0,0,0,0,0,0,0,0,0,30,0,51,0,0,0,0,0,40,0,0,0,0
2006-01-01,91,0,0,0,0,0,54,0,0,0,57,46,64,73,0,0,0,12,0,0,0,12,61,0,0,0,40,0,0,0,0,0,0,79,0,0,0,0,0,0,46,0,0,0,60,0,0,41,0,0,0,0,0,0,0,0,0,0,31,0,60,0,0,0,0,0,39,0,0,0,0
2006-02-01,87,0,0,0,0,0,35,0,0,0,24,38,48,51,0,0,0,18,0,0,0,9,46,0,0,0,38,0,0,0,0,0,0,76,0,0,0,0,0,0,0,0,0,0,52,0,0,38,0,0,0,0,0,0,0,0,0,0,32,55,47,0,0,0,0,0,0,0,0,0,0
2006-03-01,73,0,0,0,0,0,0,0,0,0,33,36,59,31,0,0,100,11,0,0,0,0,47,0,0,0,0,0,0,0,0,0,0,66,0,0,0,0,0,0,37,0,0,0,50,0,37,31,0,0,0,0,0,0,0,28,0,0,36,58,74,68,0,0,0,0,37,0,0,0,0
2006-04-01,59,0,0,0,0,0,43,28,0,0,29,29,50,0,0,0,0,11,0,0,0,7,42,0,0,0,41,0,0,0,0,0,0,52,0,0,0,0,0,0,41,0,0,0,39,0,0,44,0,0,0,0,0,0,0,25,0,0,35,0,33,0,0,0,0,0,26,0,0,0,0
2006-05-01,48,0,0,0,0,0,52,23,0,0,32,28,69,43,0,0,0,16,0,0,0,11,39,0,0,0,32,0,0,0,0,0,0,45,0,59,0,0,0,0,45,0,0,0,37,0,45,41,0,0,0,0,0,0,0,0,0,0,29,70,59,0,0,0,0,0,43,0,0,0,0
2006-06-01,49,0,0,0,0,0,29,0,0,0,40,32,36,0,0,0,0,22,0,0,0,8,38,0,0,0,0,0,0,0,0,0,0,47,0,0,0,0,0,0,0,0,0,0,39,0,41,48,0,0,0,0,0,0,0,0,0,0,32,45,76,0,0,0,0,0,69,0,0,0,0
2006-07-01,46,0,0,0,0,0,37,29,0,0,39,31,60,59,0,0,0,20,0,0,0,6,43,0,0,0,0,0,0,0,0,0,0,46,0,0,0,0,0,0,0,0,0,0,43,0,28,38,0,0,0,0,0,0,0,26,0,0,34,0,44,0,0,0,0,0,36,0,0,0,0
2006-08-01,39,0,0,0,0,0,44,0,0,0,43,26,53,56,0,0,0,20,0,0,0,11,37,0,0,0,0,0,0,0,0,0,0,42,0,0,0,0,0,0,0,0,0,0,35,0,0,23,0,0,0,0,0,0,0,25,0,0,33,45,0,0,0,0,0,0,45,0,0,0,0
2006-09-01,34,0,0,0,0,0,61,0,0,0,35,21,51,55,0,0,0,9,0,0,0,10,28,0,0,0,0,0,0,0,0,0,0,37,0,0,0,100,0,0,29,0,0,0,29,0,41,25,0,0,0,0,0,0,0,0,0,0,31,49,37,0,0,0,0,0,45,0,0,0,0
2006-10-01,49,0,0,0,0,0,45,30,0,0,37,23,53,52,0,0,0,17,0,0,0,10,34,0,0,0,48,0,0,0,0,0,0,50,0,0,0,0,0,0,30,0,0,0,33,10,40,40,0,0,0,0,0,0,0,0,0,0,39,0,44,0,0,0,0,0,31,0,0,0,0
2006-11-01,46,0,0,0,0,0,38,0,0,0,42,27,77,47,0,0,0,34,0,0,0,15,38,0,0,0,37,0,0,0,0,0,0,48,0,0,0,61,0,0,34,0,0,0,36,0,30,28,0,0,0,0,0,0,0,0,0,0,39,58,0,0,0,0,97,0,52,0,0,0,0
2006-12-01,59,0,0,0,0,0,31,21,0,0,39,26,54,43,0,0,0,30,0,0,0,9,41,0,0,0,100,0,0,0,0,0,0,52,0,0,0,61,0,0,0,0,0,0,35,0,38,41,74,0,0,0,0,0,0,28,0,0,40,44,46,0,0,0,0,0,24,0,0,0,0
2007-01-01,77,0,0,0,0,0,67,14,15,0,46,43,56,25,0,0,0,21,0,0,0,11,56,0,0,0,49,0,0,0,0,0,0,75,41,35,0,74,0,0,28,0,0,0,54,0,25,33,0,0,0,0,0,0,0,21,0,0,35,47,42,0,0,0,0,0,49,0,0,0,0
2007-02-01,70,0,0,0,0,0,37,21,0,0,45,37,56,46,0,0,0,17,0,0,0,10,53,0,0,0,0,0,0,0,0,0,0,68,52,0,0,56,0,0,34,0,0,0,48,0,24,24,74,0,0,0,0,0,0,17,0,0,42,62,46,0,0,0,0,0,46,100,0,0,0
2007-03-01,64,0,0,0,0,0,38,0,0,0,41,39,49,49,0,0,0,12,0,0,0,5,44,0,0,0,18,0,0,0,0,33,0,58,43,0,0,46,0,0,23,0,0,0,49,0,38,44,0,0,0,0,0,0,0,25,0,0,38,52,62,37,0,0,0,0,44,0,0,0,0
2007-04-01,53,0,0,0,0,0,24,0,0,0,37,35,47,27,0,0,0,18,0,0,0,10,40,0,0,0,0,0,0,0,0,0,0,49,46,0,0,0,0,0,29,0,0,0,43,8,23,32,0,0,0,0,0,0,0,20,0,0,38,65,43,44,0,0,0,0,36,0,0,0,0
2007-05-01,50,0,0,0,0,0,36,0,0,0,42,36,54,44,0,0,0,20,0,0,0,15,36,0,0,0,32,0,0,0,0,25,0,44,38,0,0,61,0,0,30,100,0,0,43,0,25,27,50,0,0,0,0,0,0,18,0,0,34,79,49,31,0,0,78,0,58,0,0,0,0
2007-06-01,49,0,0,0,0,0,57,0,27,0,50,38,46,44,0,0,0,25,0,0,0,12,34,0,0,0,26,0,0,0,0,0,0,45,38,0,0,62,0,0,36,0,0,0,42,11,24,31,0,0,0,0,0,0,0,14,0,0,33,34,59,0,0,0,61,0,42,0,0,0,0
2007-07-01,52,0,0,0,0,0,35,17,17,0,39,39,49,51,0,0,0,23,0,0,0,10,41,0,0,0,0,0,0,0,0,0,0,48,55,46,0,79,0,0,27,0,0,0,48,0,41,41,0,0,0,0,0,0,0,20,100,0,38,66,39,31,0,0,60,0,39,0,0,0,0
2007-08-01,41,0,0,0,0,0,32,16,14,0,41,31,57,43,0,0,0,28,0,0,0,9,38,0,0,0,16,0,0,0,0,0,0,41,46,34,0,0,0,0,43,0,0,0,40,0,17,38,0,0,0,0,0,0,0,13,0,0,37,39,41,0,0,0,65,0,43,0,0,0,0
2007-09-01,36,0,0,0,0,0,41,19,17,0,47,25,58,37,0,0,0,18,0,100,0,10,33,0,0,0,21,0,0,0,0,0,23,34,56,29,0,56,36,0,37,0,0,0,31,0,30,43,48,0,0,0,0,0,0,18,0,0,35,43,35,0,0,0,86,0,33,0,0,0,0
2007-10-01,31,0,0,0,0,0,40,17,24,0,39,25,61,52,0,0,0,22,0,0,0,9,38,18,18,0,17,0,0,0,0,0,0,35,29,0,0,59,33,0,45,0,0,0,32,7,41,20,43,0,0,0,0,0,0,21,0,0,39,35,43,0,0,0,68,0,39,0,0,0,0
2007-11-01,39,0,0,0,0,0,45,17,36,0,35,29,59,41,89,0,0,36,0,0,0,10,36,0,0,0,25,0,0,0,0,28,0,37,0,25,0,42,0,0,22,0,0,0,34,6,31,32,49,0,0,0,0,0,0,23,90,0,40,38,35,0,0,0,100,0,42,0,0,0,0
2007-12-01,45,0,0,0,0,0,44,20,39,0,50,32,71,42,0,0,52,41,0,0,0,11,36,0,0,0,68,0,0,0,0,26,0,41,57,30,0,46,0,0,33,0,0,0,41,8,30,39,0,0,0,0,0,0,0,18,0,0,41,26,37,41,0,0,57,0,22,0,0,0,0
2008-01-01,68,0,0,0,0,0,56,15,32,0,58,43,48,49,0,0,0,18,0,0,0,10,57,0,0,0,40,0,0,0,0,23,0,68,30,40,0,37,0,0,25,0,0,0,56,0,27,35,0,0,0,0,0,0,0,32,0,0,43,58,53,0,0,0,58,0,45,0,0,0,0
2008-02-01,58,0,0,0,0,0,39,10,21,0,54,43,60,42,0,0,0,17,0,0,0,11,48,19,19,0,16,0,0,0,0,0,0,50,39,27,0,41,0,0,28,77,0,0,53,6,25,32,51,0,0,0,0,0,0,22,0,0,42,38,48,24,0,0,0,0,41,0,0,0,0
2008-03-01,52,0,0,0,0,0,70,13,21,0,54,41,46,32,0,0,0,16,0,0,0,11,48,19,19,0,32,0,0,0,0,20,0,48,30,27,0,51,0,0,28,0,0,0,48,9,29,33,44,0,0,0,0,0,0,22,0,0,41,52,62,27,0,0,55,0,36,0,0,0,0
2008-04-01,45,0,0,0,0,0,30,14,30,0,41,33,41,32,0,0,0,17,0,0,0,6,32,0,0,0,22,0,0,0,0,19,0,43,34,30,0,0,0,0,24,0,87,0,40,0,24,42,39,0,0,0,0,0,0,0,0,0,44,65,55,0,0,0,0,0,45,0,0,0,0
2008-05-01,49,0,0,0,0,0,42,12,31,0,41,36,46,41,0,0,0,19,0,0,0,11,37,0,0,0,0,0,0,0,0,29,0,40,38,28,0,73,0,0,23,84,0,0,43,0,27,37,79,0,0,0,0,0,0,18,0,0,49,40,52,0,0,100,0,0,27,0,0,0,0
2008-06-01,41,0,0,0,0,0,48,14,30,0,53,40,65,32,0,0,0,24,0,0,0,12,40,0,0,0,14,0,0,0,0,27,21,37,42,47,0,44,0,0,20,0,0,0,46,6,23,34,51,0,0,0,0,0,0,16,0,0,44,57,58,0,0,0,76,0,40,0,0,0,0
2008-07-01,39,0,0,0,0,0,40,16,45,0,47,39,58,37,0,0,0,30,0,0,0,13,35,17,17,0,24,0,0,0,0,26,19,40,0,36,0,47,0,0,24,0,0,0,46,5,29,38,0,0,0,0,0,0,0,18,0,0,51,23,49,46,0,0,56,0,40,0,0,0,0
2008-08-01,38,0,0,0,0,0,41,18,29,0,85,33,30,48,0,0,0,28,0,0,0,11,33,16,16,0,0,0,0,0,0,33,24,36,42,34,0,0,0,0,22,0,0,0,41,6,19,32,44,0,0,0,0,0,0,17,0,100,49,37,46,0,0,0,47,0,42,0,0,0,0
2008-09-01,33,0,0,0,0,0,46,10,24,0,52,30,65,37,0,0,0,21,0,0,0,12,29,15,15,0,13,0,0,0,0,19,12,31,37,26,0,44,0,0,15,0,0,0,36,0,25,36,32,0,0,0,0,0,0,23,0,0,49,34,38,19,0,0,0,0,46,0,0,0,0
2008-10-01,31,0,0,0,0,0,31,17,25,0,59,29,59,35,0,0,0,25,0,0,0,8,29,14,14,0,21,0,0,0,0,31,14,28,27,36,0,30,0,0,0,89,0,0,36,9,33,32,52,0,0,0,0,0,0,17,0,0,48,35,35,0,0,57,73,0,37,0,0,0,0
2008-11-01,32,0,0,0,0,0,58,13,30,0,59,33,61,38,0,0,0,44,0,0,0,16,33,17,17,0,30,0,0,0,0,22,13,29,59,29,0,47,0,0,17,0,0,0,38,7,20,33,39,0,0,0,0,0,0,20,0,0,49,41,40,0,0,44,49,0,33,0,0,0,0
2008-12-01,41,0,0,0,0,0,49,20,39,0,55,40,56,50,0,0,0,52,0,0,0,17,34,13,13,0,69,0,0,0,0,25,0,34,63,35,0,0,0,0,0,0,0,0,49,7,18,30,37,0,0,0,0,0,0,18,0,0,49,31,32,27,0,0,96,0,20,0,0,0,0
2009-01-01,66,0,0,0,0,0,49,14,33,0,48,60,54,43,0,0,0,25,0,0,0,12,54,0,0,0,56,0,0,0,0,30,0,60,52,22,0,30,0,0,19,0,0,0,73,0,17,23,0,0,0,0,0,0,0,18,0,0,53,27,47,21,0,0,39,0,41,0,0,0,0
2009-02-01,56,0,0,0,0,0,45,21,38,0,48,56,65,39,0,0,0,24,0,0,0,14,46,16,16,0,24,0,0,0,0,0,14,44,44,39,0,37,0,0,16,0,0,0,64,7,34,23,30,0,0,0,0,0,0,21,0,0,54,32,35,28,0,0,78,0,33,0,0,0,0
2009-03-01,55,0,0,0,0,0,50,14,33,0,50,57,60,42,0,0,0,23,0,0,0,13,44,18,18,0,21,0,0,0,0,36,0,46,43,35,0,0,0,0,18,0,0,0,70,0,31,34,38,0,0,0,0,0,0,18,0,0,54,46,54,17,0,0,55,0,42,0,0,0,0
2009-04-01,49,0,86,0,0,0,34,16,36,0,54,54,47,30,0,0,0,25,0,0,0,14,42,20,20,0,18,0,0,0,0,28,18,39,49,46,0,39,25,0,19,0,0,0,64,0,28,29,47,0,0,0,0,0,0,17,0,0,57,51,64,32,100,0,55,0,30,0,0,0,0
2009-05-01,52,0,0,0,0,0,44,17,30,0,48,58,59,49,0,0,0,26,0,0,0,12,36,11,11,0,13,0,0,0,0,19,0,40,29,21,0,0,0,0,24,0,0,0,65,7,29,34,46,0,0,0,0,0,0,11,0,0,51,39,32,17,0,0,68,0,37,0,0,0,0
2009-06-01,50,0,0,0,0,0,48,13,43,0,53,56,61,33,0,0,0,28,0,0,0,15,39,0,0,0,0,0,0,0,0,27,20,40,21,29,0,35,0,0,23,70,0,0,61,6,25,39,71,0,0,0,0,0,0,22,0,0,56,21,39,0,89,36,61,0,42,0,0,0,0
2009-07-01,48,0,0,0,0,0,46,12,36,0,50,57,54,31,0,0,0,34,0,0,0,13,40,16,16,0,19,0,0,0,0,26,19,44,42,21,0,33,0,0,15,0,0,0,65,6,31,38,44,0,0,0,0,0,0,22,0,83,60,20,44,26,0,0,50,0,40,0,0,0,0
2009-08-01,44,0,0,0,0,0,39,11,34,0,48,52,53,32,0,0,0,28,0,0,0,11,39,15,15,0,14,0,0,0,0,32,18,39,64,33,0,40,0,0,23,0,60,0,65,7,28,31,48,0,0,0,0,0,0,17,0,0,62,28,38,23,0,43,47,0,48,0,0,0,0
2009-09-01,39,0,0,0,0,0,52,14,34,0,48,47,60,31,0,0,32,22,0,0,0,12,35,14,14,0,18,0,0,0,0,27,21,33,37,22,0,0,0,0,18,0,0,0,56,8,25,33,81,0,0,0,0,0,0,18,0,0,64,21,41,0,81,0,86,0,58,0,0,0,0
2009-10-01,41,0,0,0,0,0,32,9,34,0,52,47,61,39,0,0,0,28,0,0,0,16,41,16,16,0,15,0,0,0,0,36,18,35,36,37,0,45,0,0,32,0,0,0,56,0,24,32,33,0,0,0,0,0,0,23,0,0,74,19,37,21,0,0,57,0,39,0,0,0,0
2009-11-01,48,0,0,0,0,0,52,15,33,0,46,48,66,47,0,0,0,51,0,0,0,17,39,16,16,0,41,0,0,0,0,41,19,40,32,25,0,55,27,0,20,0,0,0,55,5,20,31,44,0,0,0,0,0,0,22,0,0,71,16,43,0,0,39,91,0,45,0,0,0,0
2009-12-01,52,0,0,0,0,0,47,17,41,0,65,55,54,37,0,0,52,49,0,0,0,20,41,0,0,0,74,0,0,0,0,28,27,42,38,0,0,34,0,0,21,0,0,0,66,5,17,29,47,0,0,0,0,0,0,30,0,0,80,19,30,34,0,0,83,0,38,0,0,0,0
2010-01-01,79,0,0,0,0,0,65,12,35,0,52,82,57,32,0,0,0,25,0,0,0,17,65,14,14,0,56,0,0,0,0,28,12,67,37,23,0,47,29,0,27,0,0,0,92,0,18,38,52,0,0,0,0,0,0,32,0,0,78,25,41,20,0,0,67,0,36,0,0,0,0
2010-02-01,71,0,0,0,0,0,36,15,30,0,47,75,59,37,0,0,0,21,0,0,0,16,54,0,0,0,21,0,0,0,0,27,24,57,30,26,0,0,0,0,27,0,0,0,89,0,16,35,67,0,0,0,0,0,0,25,0,0,79,21,48,27,0,0,57,0,48,0,0,0,0
2010-03-01,56,0,0,0,0,0,48,17,39,0,46,71,56,29,0,0,0,23,0,0,0,12,51,0,0,0,21,0,0,0,0,24,21,46,34,18,0,29,28,0,21,0,0,0,81,4,22,38,47,0,0,0,0,0,0,25,0,0,83,34,51,35,0,0,61,0,47,0,0,0,0
2010-04-01,54,0,0,0,0,0,44,13,42,0,47,67,49,26,0,0,0,29,0,0,0,17,43,15,15,0,22,0,0,0,0,37,24,41,35,18,0,0,23,0,17,0,0,0,79,4,23,23,0,0,0,0,0,0,0,20,0,0,73,37,50,24,0,60,0,0,56,0,0,0,0
2010-05-01,52,0,0,0,0,0,62,11,46,0,47,66,49,22,0,0,0,26,0,0,0,14,43,0,0,0,12,0,0,0,0,35,20,39,32,36,0,34,0,0,18,0,0,0,75,0,22,40,64,0,0,0,0,0,0,24,0,0,75,33,35,31,0,0,50,0,53,0,0,0,0
2010-06-01,48,0,0,0,0,0,61,0,59,10,55,67,42,21,0,0,0,28,0,0,0,19,43,0,0,0,0,0,0,0,0,33,30,38,37,25,0,0,25,0,22,0,0,0,75,0,17,30,38,0,0,0,0,0,0,29,0,0,74,38,33,33,0,0,82,0,63,0,0,0,0
2010-07-01,42,0,0,0,0,0,53,15,56,0,62,63,41,45,0,0,0,33,0,0,0,18,40,0,0,0,0,0,0,0,0,35,25,38,32,28,0,46,34,0,24,76,0,83,79,5,12,27,54,0,0,0,0,0,0,25,0,0,77,26,42,29,84,42,73,0,56,0,0,0,0
2010-08-01,38,0,0,0,0,0,40,17,56,0,57,57,49,47,0,0,0,32,0,0,0,22,37,0,0,0,0,0,0,0,0,30,27,34,41,42,0,34,0,0,25,0,63,0,72,6,26,33,32,0,0,0,0,0,0,23,0,0,83,18,47,31,0,0,52,0,60,0,0,0,0
2010-09-01,29,0,0,0,0,0,46,20,57,25,56,44,67,38,0,0,0,24,0,0,0,18,31,13,13,0,0,0,0,0,0,20,35,26,51,31,0,36,0,0,28,0,0,97,59,6,17,27,44,0,0,0,0,0,0,23,0,0,76,18,26,0,0,0,91,0,63,0,0,0,0
2010-10-01,32,0,0,0,0,0,51,17,41,15,44,48,45,28,0,0,0,33,0,0,0,18,34,20,20,0,17,0,0,0,0,35,22,30,47,27,0,44,0,0,17,69,0,0,57,6,17,29,43,0,0,0,0,0,0,21,0,0,86,28,34,0,0,0,63,0,58,0,0,0,0
2010-11-01,31,0,0,0,0,0,70,22,55,17,48,45,49,32,0,0,46,59,0,0,0,23,35,19,19,0,31,0,0,0,0,36,34,29,51,17,0,46,0,0,19,0,0,0,53,0,21,31,63,0,0,0,0,0,0,25,0,0,81,28,27,29,0,0,71,0,49,0,0,0,0
2010-12-01,32,0,0,0,0,0,65,24,58,24,51,44,46,35,0,0,35,52,0,0,0,27,36,16,16,100,64,0,0,0,0,31,26,29,37,28,0,33,0,0,32,0,0,0,59,6,13,28,36,0,0,0,0,0,0,26,0,0,84,28,23,40,0,0,71,0,38,0,0,0,0
2011-01-01,65,0,0,0,0,0,52,15,52,18,54,86,44,28,0,0,0,26,0,0,0,24,58,11,11,0,39,6,0,0,0,30,19,50,37,38,0,42,13,0,24,0,37,52,92,5,23,43,60,0,0,0,0,0,0,16,0,0,85,36,24,33,54,34,49,0,60,0,0,0,0
2011-02-01,55,0,0,0,0,0,39,17,44,17,44,85,34,25,0,0,25,25,0,0,0,24,55,14,14,0,21,11,0,0,0,27,25,39,48,35,0,45,16,0,18,45,52,55,83,5,21,35,49,0,0,0,0,0,0,22,0,0,85,41,37,27,0,0,63,0,58,0,0,0,0
2011-03-01,48,0,0,0,0,0,53,18,43,15,57,73,41,22,0,0,0,26,0,0,0,22,42,0,0,0,14,11,0,0,0,26,23,34,44,36,0,33,23,0,17,0,63,0,77,6,21,37,66,0,0,0,0,0,0,18,0,0,89,49,33,22,40,23,50,0,54,0,0,0,0
2011-04-01,40,0,0,0,0,0,40,15,47,14,57,64,34,18,0,0,0,27,0,22,0,23,36,0,0,0,16,8,0,0,0,27,30,30,42,49,0,48,29,0,24,37,36,0,67,5,17,34,62,0,0,0,0,0,0,19,0,0,88,48,34,32,0,0,68,0,59,0,0,0,0
2011-05-01,39,0,0,0,0,0,42,21,46,22,56,65,39,20,0,0,20,26,0,0,0,26,35,0,0,0,14,5,0,0,0,33,26,30,46,50,0,67,25,0,21,45,79,81,66,4,21,45,54,0,0,0,45,0,0,21,63,60,81,40,37,26,50,22,53,0,61,0,0,0,0
2011-06-01,45,0,0,0,0,0,50,18,45,17,52,72,45,19,0,0,28,28,0,0,0,26,40,0,0,0,8,6,0,0,0,36,28,33,47,49,0,50,24,0,21,0,58,0,72,0,23,35,78,0,0,0,0,0,0,18,0,64,85,36,29,18,59,29,55,0,70,0,0,0,0
2011-07-01,41,0,0,0,0,0,51,21,49,31,62,71,41,21,48,0,0,32,0,0,0,30,45,9,9,0,12,13,0,0,0,40,18,32,37,45,0,59,21,0,26,0,47,0,76,4,16,42,73,0,0,0,0,0,0,22,50,0,79,37,35,19,52,0,39,0,69,0,0,0,0
2011-08-01,34,0,0,0,0,0,60,20,52,27,63,63,48,19,0,0,0,37,0,0,0,30,37,0,0,0,0,13,0,0,0,38,31,29,42,56,0,36,32,0,25,0,0,0,68,7,24,34,42,0,0,0,0,0,0,19,0,0,87,34,28,13,0,33,51,0,67,0,0,0,0
2011-09-01,26,0,0,0,0,0,53,23,51,29,52,53,47,28,43,0,0,36,0,0,0,39,32,18,18,0,7,24,0,0,0,35,29,22,40,53,0,60,14,0,31,0,47,82,56,0,28,44,67,0,0,0,0,0,0,17,0,0,84,29,21,14,0,65,61,0,71,0,0,0,20
2011-10-01,28,0,0,0,0,0,73,23,68,36,52,51,47,28,0,0,0,41,30,0,0,39,34,9,9,0,16,17,0,0,0,32,30,23,78,54,10,51,31,0,26,0,53,54,57,5,26,40,66,0,0,0,0,0,0,21,32,0,84,38,24,14,40,33,54,0,100,0,0,0,0
2011-11-01,29,0,0,0,0,0,59,20,62,35,55,54,45,19,39,0,0,65,0,0,0,47,32,13,13,0,19,15,0,0,0,34,34,23,65,53,0,49,0,0,25,32,52,61,57,5,18,36,69,0,0,0,0,0,0,22,0,0,75,39,30,18,0,28,50,0,72,0,0,0,0
2011-12-01,31,0,0,0,0,0,77,55,82,52,55,59,38,16,0,0,51,56,39,0,0,52,31,10,10,0,69,20,0,0,0,48,38,24,83,56,0,64,25,0,23,0,0,0,63,7,28,31,48,0,0,0,0,0,0,21,0,0,94,35,29,31,0,0,65,0,56,0,0,0,31
2012-01-01,57,0,0,0,0,73,68,38,67,52,50,79,42,15,43,0,28,35,0,0,0,43,55,7,7,0,33,23,0,0,0,32,38,41,74,52,9,74,29,0,18,34,54,63,86,5,14,32,52,0,0,0,0,0,0,30,0,0,89,38,27,28,0,21,45,0,69,0,0,0,26
2012-02-01,47,0,0,33,0,0,41,39,56,44,53,72,42,26,42,0,20,31,0,0,0,36,44,0,0,0,19,18,0,0,0,47,35,34,37,42,0,60,23,0,18,32,33,64,74,6,21,39,49,0,0,0,0,0,0,26,43,0,94,48,32,26,0,23,33,0,68,0,0,0,0
2012-03-01,43,0,0,33,0,0,67,44,57,46,49,69,37,15,40,0,13,36,0,0,0,38,44,10,10,0,17,22,0,0,0,47,37,32,50,42,8,47,26,0,14,35,52,42,68,3,20,37,59,0,0,0,29,0,0,28,27,0,82,50,37,35,51,17,65,0,68,0,0,0,31
2012-04-01,36,0,0,0,0,60,50,43,58,43,48,63,32,15,37,0,16,26,0,0,0,35,37,9,9,0,10,24,0,0,0,30,28,28,45,39,11,43,29,0,21,46,51,57,66,4,17,37,56,0,0,0,0,74,0,19,26,0,82,53,31,32,53,0,27,0,73,0,0,0,22
2012-05-01,38,0,0,0,0,60,57,62,60,59,50,67,33,17,67,0,0,31,0,0,0,35,36,0,0,0,8,22,0,0,0,35,32,27,45,43,0,61,40,0,25,0,74,81,65,9,21,40,57,0,0,0,0,0,0,23,27,44,90,27,34,20,35,25,61,0,80,0,0,0,21
2012-06-01,36,0,0,0,0,0,60,62,67,60,44,64,30,16,43,0,26,35,40,0,0,35,40,9,9,0,9,23,0,0,0,39,31,27,56,40,10,56,31,0,20,34,55,66,62,5,24,34,56,0,0,0,0,0,0,23,33,0,88,45,40,20,0,31,43,0,78,0,4,0,30
2012-07-01,38,0,0,0,0,0,52,70,69,56,56,72,36,18,39,0,0,42,0,0,0,42,43,0,0,0,8,23,0,0,0,51,25,29,49,37,0,49,24,0,17,48,57,67,72,4,23,43,60,0,0,0,0,0,0,21,0,0,78,33,39,30,44,0,57,0,68,0,0,0,0
2012-08-01,28,0,54,0,0,0,68,66,70,59,46,61,40,13,62,0,0,37,34,0,0,42,37,9,9,0,10,17,0,0,0,52,35,25,52,61,0,44,29,0,15,0,82,87,62,6,26,41,67,0,0,0,44,0,0,24,0,0,84,45,30,33,0,0,50,0,79,0,0,0,0
2012-09-01,25,0,0,0,0,70,80,74,100,60,50,50,35,15,0,0,20,31,0,0,0,44,30,12,12,0,11,27,0,0,0,41,32,22,62,56,15,72,31,0,26,36,62,54,56,7,28,45,74,0,0,0,0,0,0,25,30,0,83,33,24,25,0,0,38,0,73,0,0,0,39
2012-10-01,23,0,0,0,0,0,72,74,74,63,44,50,28,17,36,0,18,36,0,0,0,44,32,16,16,0,14,28,0,0,0,43,30,20,66,33,9,51,30,0,22,0,24,0,54,6,30,39,94,0,0,0,0,0,0,23,33,0,94,35,44,8,0,0,38,0,71,0,0,0,28
2012-11-01,22,0,0,0,0,0,70,72,62,69,40,47,40,18,80,0,13,75,0,0,0,59,28,12,12,0,21,21,0,0,0,51,38,19,55,30,8,55,24,0,19,29,48,53,50,5,24,36,52,0,0,0,0,0,0,21,31,0,83,41,30,18,0,26,48,0,65,0,3,0,21
2012-12-01,29,0,0,0,0,57,73,100,75,100,48,55,30,34,100,0,24,60,0,0,0,58,36,14,14,0,65,33,0,0,0,48,30,23,50,37,19,48,29,0,17,37,41,57,59,6,26,31,48,0,0,0,22,0,0,23,23,0,87,42,28,20,0,22,51,0,55,0,0,0,24
2013-01-01,51,0,0,25,0,0,59,80,62,89,42,92,37,24,67,0,21,30,17,0,0,45,57,12,12,0,35,36,0,0,0,39,27,37,55,37,19,52,24,0,22,0,49,58,100,5,18,34,55,0,0,0,25,0,0,27,27,32,82,46,32,26,39,12,50,0,73,0,3,0,40
2013-02-01,40,0,0,30,0,58,59,69,64,76,42,72,30,19,68,0,13,28,0,0,0,46,45,12,12,0,18,34,0,0,0,54,26,30,46,34,11,47,28,0,23,27,53,39,77,7,22,38,59,0,0,0,24,0,0,24,0,0,82,49,38,15,36,14,43,0,75,0,0,0,28
2013-03-01,36,0,20,24,28,50,51,67,59,67,45,61,31,18,42,0,17,27,0,11,31,43,45,14,14,0,13,33,0,0,18,39,30,28,55,22,12,63,28,0,19,34,54,57,60,6,23,36,65,0,0,21,26,0,0,24,32,0,77,54,41,31,33,17,47,0,76,0,0,0,26
2013-04-01,32,0,0,21,0,55,48,75,50,71,44,55,31,18,52,0,14,29,18,0,0,42,39,10,10,0,7,28,0,0,17,48,31,24,46,23,18,66,28,0,23,37,82,62,57,4,23,40,73,0,0,0,21,0,0,29,34,0,70,55,31,28,36,15,38,0,77,0,0,0,34
2013-05-01,36,0,0,17,0,0,47,74,57,69,45,55,23,18,51,0,27,32,25,12,0,46,35,6,6,0,7,33,0,0,0,47,24,24,51,32,13,46,23,0,19,0,72,53,56,4,26,38,68,0,0,23,30,0,0,26,22,31,79,44,37,25,22,21,56,0,77,9,0,0,34
2013-06-01,35,0,0,25,0,0,49,75,61,67,51,59,24,14,53,0,20,34,28,0,0,43,39,6,6,0,11,31,0,0,16,35,30,25,46,26,14,52,38,0,20,36,72,61,58,6,26,37,70,0,0,15,23,0,0,20,26,37,75,40,36,25,40,0,42,0,74,0,3,0,42
2013-07-01,33,0,0,24,0,0,47,79,54,67,44,60,26,14,46,0,15,40,0,0,0,43,42,11,11,0,12,33,0,0,0,43,24,26,53,30,15,49,33,0,19,39,51,100,61,5,25,39,68,0,0,13,42,50,0,25,18,0,77,49,41,30,30,21,50,0,78,0,3,0,28
2013-08-01,26,0,0,24,0,51,57,71,62,67,39,54,31,15,49,0,12,36,43,13,0,51,35,10,10,0,9,37,0,0,14,42,30,21,47,30,12,49,30,0,23,24,60,51,56,7,22,37,60,0,0,19,21,0,0,27,23,0,77,44,31,22,41,0,56,0,71,0,0,0,49
2013-09-01,23,0,0,0,0,0,66,75,87,75,40,48,36,14,41,0,23,32,22,12,0,48,31,19,19,0,11,35,0,0,0,49,32,20,57,26,20,60,29,0,25,22,44,60,47,6,22,36,62,0,0,30,36,0,0,19,25,0,76,26,24,13,21,0,62,0,69,0,2,0,32
2013-10-01,23,0,0,0,0,82,54,73,51,78,41,49,27,16,51,0,25,35,40,0,0,49,32,14,14,0,14,36,0,0,0,53,29,19,55,38,15,64,33,0,24,38,55,55,49,5,25,35,67,0,0,17,24,78,0,19,0,0,74,37,27,13,26,22,52,0,63,0,4,0,39
2013-11-01,26,0,0,0,0,0,65,77,54,63,37,48,31,13,55,0,25,67,30,12,0,56,34,15,15,0,22,33,10,0,0,52,27,19,55,30,17,51,26,11,23,28,43,48,50,6,24,33,55,0,0,14,24,0,100,22,26,0,76,41,30,19,30,26,38,0,61,0,6,0,36
2013-12-01,27,0,0,22,0,39,59,100,59,85,42,58,26,14,93,0,46,62,43,12,0,61,34,13,13,0,61,45,14,0,0,56,31,21,61,28,13,47,29,12,15,23,42,47,56,8,18,31,59,0,0,20,20,52,0,26,0,0,77,35,38,28,0,21,49,0,52,10,3,0,32
2014-01-01,48,0,0,21,0,36,49,69,51,74,37,85,29,12,59,0,19,29,35,0,0,49,63,11,11,0,30,45,15,0,0,48,26,37,51,26,15,45,28,6,22,28,51,42,89,6,25,34,58,0,19,0,24,47,0,24,26,33,79,59,42,24,39,15,53,0,63,0,7,0,30
2014-02-01,44,0,0,23,0,0,47,71,46,60,35,62,22,13,45,0,24,29,28,0,0,43,51,10,10,0,13,37,0,0,0,55,27,31,57,36,17,48,27,0,20,45,54,54,70,7,27,35,56,0,0,16,18,0,0,25,23,0,74,67,33,25,25,0,53,0,62,0,6,0,27
2014-03-01,38,0,16,25,0,50,48,66,49,63,37,71,26,12,37,0,23,29,22,13,0,46,46,12,12,0,15,43,10,0,15,44,27,28,53,38,17,51,27,0,26,42,46,51,69,6,29,38,70,0,0,14,20,0,0,28,20,0,70,66,35,38,26,25,59,0,57,0,6,0,26
2014-04-01,34,0,0,16,0,32,44,67,49,56,37,56,23,10,44,0,23,30,21,12,0,45,38,12,12,0,12,36,0,0,12,50,26,25,50,27,14,50,23,8,27,44,81,55,59,6,26,36,66,0,0,20,17,0,0,23,23,25,65,56,37,32,50,15,53,0,58,11,4,0,29
2014-05-01,34,0,22,22,0,39,38,65,51,55,39,61,21,13,43,0,27,30,33,0,0,47,38,8,8,0,10,34,0,0,0,55,25,25,46,38,11,47,33,0,24,38,49,40,60,7,27,38,72,0,0,24,26,43,0,24,21,21,68,45,37,27,61,22,53,0,64,8,4,0,34
2014-06-01,34,0,18,27,0,56,50,66,48,66,35,64,26,11,49,0,18,35,31,0,0,45,40,13,13,0,12,40,0,0,13,51,30,25,59,34,17,34,26,0,23,34,57,63,59,8,27,38,68,7,0,21,49,0,0,24,24,30,66,46,34,29,35,20,45,0,68,0,6,0,40
2014-07-01,36,0,23,19,0,0,51,56,53,60,33,66,27,13,35,0,17,43,18,0,0,48,43,9,9,0,14,43,13,0,11,52,31,26,58,40,13,53,29,0,20,37,42,45,66,8,25,35,63,5,0,20,39,0,0,25,21,20,69,48,41,30,51,21,48,0,61,0,6,0,34
2014-08-01,28,0,0,37,18,39,48,70,55,72,34,61,29,11,50,0,29,45,30,17,0,55,38,13,13,0,10,39,15,0,0,50,26,22,59,29,20,39,29,0,22,24,61,55,57,7,27,39,65,6,0,19,39,42,0,26,24,30,73,43,31,22,60,15,54,0,60,0,8,0,31
2014-09-01,25,0,0,19,0,71,72,65,84,65,35,48,29,14,49,0,25,31,33,0,0,56,34,18,18,0,11,33,0,0,0,51,31,20,64,32,30,39,32,0,25,50,59,66,47,8,30,43,88,10,17,27,26,0,0,22,15,24,69,33,33,15,0,18,54,0,64,0,8,0,30
2014-10-01,22,0,19,21,18,0,51,57,52,57,34,46,27,7,46,0,22,35,17,14,0,57,35,9,9,0,15,36,12,0,0,57,30,19,66,30,30,45,28,0,23,35,55,47,46,7,33,41,78,12,0,30,43,40,0,23,22,0,69,32,33,15,0,12,48,0,61,0,9,0,34
2014-11-01,24,0,19,25,0,42,57,60,54,63,33,53,27,12,68,0,27,70,27,15,0,64,34,15,15,0,25,34,13,0,15,54,31,19,58,39,26,22,34,0,23,29,56,44,53,8,26,40,70,6,28,22,34,0,0,27,20,0,68,45,30,19,0,25,38,0,52,0,10,0,28
2014-12-01,29,0,20,26,0,0,57,67,61,83,40,52,29,10,51,0,53,65,33,16,0,73,41,13,13,0,68,48,17,0,13,68,37,22,81,45,22,28,34,0,22,40,44,42,51,6,27,37,67,7,0,13,25,47,0,30,19,0,72,47,34,29,22,20,68,0,42,9,10,0,31
2015-01-01,45,0,19,36,0,40,47,56,55,82,38,78,26,9,46,0,28,30,32,11,0,56,63,11,11,0,30,46,18,0,0,64,26,34,63,29,30,30,28,0,21,29,46,50,88,7,31,40,79,15,0,30,36,0,0,32,18,23,70,52,47,29,30,19,46,0,57,15,12,0,35
2015-02-01,41,0,0,20,0,46,52,49,51,70,35,76,28,8,38,0,20,27,25,15,0,55,54,8,8,0,21,46,15,0,16,63,29,31,51,30,21,32,40,0,26,0,44,51,88,8,31,37,71,10,0,32,36,0,0,37,23,28,67,64,46,29,0,13,50,0,56,0,13,0,36
2015-03-01,37,0,0,37,0,38,57,49,49,61,35,76,24,9,44,0,18,28,41,11,0,56,48,9,9,0,20,34,10,0,18,59,30,27,57,44,23,38,32,0,23,35,45,55,81,7,29,40,76,19,23,47,26,43,0,31,29,20,73,71,47,40,31,14,56,0,72,9,10,0,31
2015-04-01,36,0,21,29,33,61,50,58,49,65,36,64,29,6,36,0,23,34,34,12,0,56,44,8,8,0,31,44,10,0,43,58,32,26,65,42,25,39,32,0,28,34,55,71,72,8,32,47,91,22,39,46,23,0,0,32,22,26,68,74,46,42,45,14,58,0,53,0,11,0,42
2015-05-01,37,0,21,21,0,42,47,69,52,67,33,64,25,8,28,0,20,32,29,12,30,56,40,8,8,0,52,40,14,0,44,66,30,26,62,34,29,36,37,0,29,34,59,61,70,10,36,43,84,35,66,78,32,40,0,30,16,25,76,56,41,30,25,15,50,0,54,0,12,0,34
2015-06-01,39,0,0,23,0,64,47,63,51,59,36,66,26,11,39,0,24,42,33,14,0,56,44,10,10,0,16,47,15,0,51,73,32,28,68,40,31,51,35,0,26,45,56,35,69,10,38,43,82,42,48,94,41,53,0,33,24,34,71,59,46,23,32,15,66,0,55,0,15,0,34
2015-07-01,39,0,24,33,0,53,51,59,55,73,35,71,22,8,48,0,15,48,35,18,0,60,46,7,7,0,15,44,27,0,34,66,39,29,77,37,31,37,37,0,28,58,69,66,75,8,40,45,80,38,62,100,46,54,0,31,33,42,79,58,50,32,31,14,56,0,54,0,17,0,26
2015-08-01,34,0,17,30,24,46,48,58,53,67,35,66,24,10,47,0,30,44,57,15,29,65,43,10,10,0,10,47,21,0,32,71,35,25,70,36,23,40,43,0,25,54,53,52,64,9,37,49,93,43,56,81,50,50,0,36,22,19,84,66,40,27,34,13,57,0,54,0,17,0,35
2015-09-01,26,0,0,32,0,52,58,48,54,61,34,54,26,13,32,0,23,33,55,12,0,65,39,14,14,0,12,37,24,0,38,64,36,21,77,34,28,54,39,0,28,42,54,56,56,9,40,48,100,42,63,84,42,0,0,28,31,26,79,49,36,15,19,13,55,0,57,0,13,0,22
2015-10-01,27,0,0,37,24,53,54,52,49,65,31,56,25,9,37,0,26,37,75,17,23,68,40,13,13,0,15,39,25,0,36,73,39,20,85,32,30,58,38,0,28,45,59,48,55,8,40,46,91,46,68,87,45,48,0,30,26,19,84,45,35,15,21,25,46,0,55,0,15,0,35
2015-11-01,26,0,24,44,24,37,61,53,48,52,30,53,27,10,49,0,19,76,68,0,0,85,38,17,17,0,24,34,16,0,36,59,38,20,85,43,24,47,29,0,26,47,58,61,51,7,35,42,85,39,63,53,27,0,0,29,24,21,80,49,38,22,19,25,50,0,50,0,17,0,25
2015-12-01,32,0,18,31,25,40,67,66,63,65,37,56,25,11,59,0,44,58,58,26,30,83,45,15,15,0,55,45,20,0,53,74,38,24,88,42,30,40,28,0,22,29,46,57,62,7,34,38,70,41,43,59,34,45,0,32,24,26,85,56,36,29,30,14,81,0,42,9,16,0,33
2016-01-01,52,0,14,22,0,0,52,46,48,60,31,89,23,8,47,22,23,29,59,14,19,60,68,13,13,0,26,41,26,0,42,68,33,38,63,34,22,39,31,0,26,35,50,49,88,11,35,39,80,55,51,49,31,36,0,30,22,21,88,56,50,22,41,13,53,0,55,9,25,0,24
2016-02-01,46,0,16,29,0,0,55,41,45,58,29,79,19,8,33,29,24,28,78,16,0,61,60,14,14,0,18,36,23,0,33,70,35,33,71,30,30,35,49,0,29,59,47,61,77,8,35,44,82,49,45,54,35,39,0,34,32,25,87,70,45,37,25,13,46,0,50,0,25,0,27
2016-03-01,43,0,24,25,25,55,54,41,50,51,26,73,21,8,43,35,15,26,91,23,32,59,55,12,12,0,16,40,26,0,43,74,35,30,63,41,30,36,30,0,27,38,36,37,72,9,30,37,83,51,55,53,29,59,59,38,22,21,79,73,54,45,34,15,44,0,47,15,19,0,28
2016-04-01,40,0,21,30,27,39,50,42,45,42,27,64,19,6,43,33,19,25,72,18,0,59,49,10,10,0,23,29,34,0,39,77,36,27,67,41,27,43,30,0,28,62,66,49,65,9,36,42,81,60,46,56,34,37,0,34,0,0,67,64,48,29,21,0,51,0,48,13,20,0,22
2016-05-01,34,0,19,26,0,41,48,40,50,55,26,67,21,8,43,27,20,29,47,19,19,61,50,10,10,0,26,29,33,0,43,77,39,25,79,35,27,34,36,0,26,53,29,66,68,8,33,43,89,61,56,50,19,38,0,38,23,34,70,61,46,22,38,14,42,0,47,12,19,0,24
2016-06-01,36,0,20,28,25,51,41,41,50,46,24,67,21,8,30,32,17,30,67,22,28,64,51,9,9,0,10,32,29,0,44,71,35,25,78,26,26,32,36,0,23,33,44,51,69,8,33,45,84,59,55,63,32,56,0,33,23,46,69,63,54,26,60,11,49,0,50,12,21,0,22
2016-07-01,40,0,25,36,25,39,50,42,55,61,23,71,22,7,31,32,12,39,52,8,27,66,57,9,9,0,12,41,31,0,46,80,40,29,80,29,28,41,35,0,26,45,53,62,72,9,34,38,72,64,49,48,38,0,0,36,18,38,78,59,50,29,36,14,52,0,44,9,19,0,23
2016-08-01,32,10,22,31,24,36,47,47,54,48,24,62,18,7,38,31,22,40,62,12,0,76,48,12,12,0,8,33,32,0,37,93,38,25,89,37,32,43,39,0,23,40,44,62,61,8,32,45,86,64,53,45,47,35,79,33,22,27,79,56,37,24,35,18,59,0,54,10,20,0,21
2016-09-01,26,0,35,44,27,36,62,41,60,49,28,53,23,8,40,38,29,31,79,13,0,72,45,14,14,0,12,30,47,0,46,97,40,21,100,38,33,47,32,0,25,44,66,62,57,8,31,43,83,76,50,27,40,0,0,37,26,20,74,50,40,15,0,14,48,0,50,10,18,0,22
2016-10-01,29,0,18,44,37,43,47,41,53,46,23,51,23,6,44,61,20,34,65,27,0,73,44,19,19,0,6,34,41,0,48,88,56,22,89,38,26,41,32,0,27,37,42,62,48,8,32,44,73,68,74,45,47,54,0,30,21,0,79,46,45,19,0,24,44,0,36,15,19,0,15
2016-11-01,30,0,18,21,32,40,53,45,54,40,27,47,19,7,43,43,25,74,31,18,0,100,45,13,13,0,14,27,62,0,41,100,53,22,85,34,34,54,38,0,25,35,49,57,48,8,36,41,74,76,86,51,43,0,0,33,18,0,71,47,38,28,20,36,50,0,44,12,23,0,25
2016-12-01,33,10,19,25,32,40,53,50,63,52,25,57,19,9,40,44,44,54,56,25,0,90,53,11,11,0,44,36,79,0,56,91,42,25,94,31,40,38,41,5,22,36,45,54,59,9,26,40,85,66,74,25,41,48,0,32,13,0,83,52,44,33,28,20,69,0,37,14,26,0,25
2017-01-01,54,13,32,33,26,53,55,37,49,49,28,94,19,7,34,33,26,28,43,22,20,79,76,15,15,0,30,35,64,0,57,78,38,37,75,32,31,36,33,8,25,45,51,56,98,9,34,42,83,89,83,41,49,0,0,35,0,0,86,65,53,28,36,26,48,0,51,24,41,0,23
2017-02-01,46,25,26,31,28,59,42,35,43,47,22,86,22,6,38,32,33,28,61,20,22,72,65,10,10,0,13,36,46,0,71,82,44,32,74,28,26,40,33,6,24,47,49,35,86,9,36,36,76,82,78,38,37,0,78,37,17,25,78,62,58,26,26,16,52,0,45,13,36,0,20
2017-03-01,46,20,28,36,45,33,47,34,43,43,23,88,21,6,46,32,24,28,72,20,0,67,64,12,12,0,15,34,39,0,55,73,42,32,67,25,24,42,34,0,27,47,54,55,83,9,34,38,68,84,78,35,31,35,0,40,24,22,86,74,51,38,23,19,44,0,46,17,37,0,28
2017-04-01,39,17,26,37,39,64,48,32,43,47,21,68,16,6,34,39,24,29,65,19,0,73,56,10,10,0,16,35,48,0,56,75,43,28,67,24,28,32,42,0,23,32,51,62,70,7,31,37,80,87,79,35,46,62,0,36,22,0,80,84,49,37,32,11,39,0,44,19,30,0,20
2017-05-01,42,27,27,48,41,51,47,32,45,39,19,66,17,7,24,49,28,29,54,21,0,75,57,7,7,0,19,33,43,0,56,67,47,30,62,28,31,43,41,11,20,31,48,71,68,8,34,42,96,100,100,39,57,73,0,39,19,23,85,68,54,32,19,15,44,0,50,14,35,0,23
2017-06-01,44,38,29,40,46,50,48,37,49,44,22,78,16,7,26,44,29,35,57,32,28,70,60,6,6,0,8,41,36,0,61,62,46,31,55,23,29,43,33,16,28,43,46,42,76,9,33,42,87,100,86,40,58,62,95,42,45,39,88,72,57,28,51,16,42,0,51,14,41,0,14
2017-07-01,46,38,28,45,39,43,48,34,54,45,20,79,17,7,32,57,20,40,83,21,21,76,65,7,7,0,12,38,44,0,62,69,52,32,58,30,33,37,33,12,26,44,48,41,78,8,36,40,86,98,72,55,83,90,62,50,35,56,89,77,55,35,55,10,45,0,51,12,40,0,26
2017-08-01,34,53,25,64,32,59,47,33,58,45,19,58,19,6,36,53,23,39,76,25,20,71,55,10,10,0,7,40,37,0,70,67,53,26,62,33,40,41,33,29,23,55,37,47,61,8,33,41,81,96,78,48,71,48,0,43,21,26,90,74,50,25,32,13,48,0,55,15,34,0,27
2017-09-01,25,54,29,40,52,64,52,34,59,42,18,43,18,4,34,69,23,26,63,31,0,68,41,17,17,0,7,41,31,0,62,55,56,20,58,26,27,42,29,18,21,34,38,37,45,8,26,41,80,97,61,40,68,62,72,28,18,0,83,42,39,9,18,9,44,21,53,11,28,0,19
2017-10-01,28,49,28,37,33,76,51,33,48,37,22,41,18,8,19,50,19,35,91,36,27,86,41,16,16,0,10,36,31,3,57,61,52,21,59,24,29,33,33,26,28,45,48,54,44,8,34,39,80,92,100,38,52,40,0,36,20,21,83,44,50,17,18,14,46,0,55,11,28,0,26
2017-11-01,30,35,23,38,33,52,57,38,62,37,23,48,17,5,35,53,32,67,84,24,33,87,47,15,15,0,16,37,43,0,68,64,60,21,66,24,36,46,34,52,22,50,44,63,45,7,29,36,59,78,59,27,43,76,0,42,28,28,82,56,45,21,30,21,46,17,53,11,28,0,28
2017-12-01,37,33,27,51,49,58,57,44,72,37,24,50,18,6,50,67,66,49,100,41,39,88,57,15,15,0,51,46,49,0,82,71,57,27,57,27,39,44,35,100,21,37,41,47,57,7,28,33,68,72,59,22,55,49,0,48,23,0,92,73,51,37,26,10,65,25,39,16,36,0,16
2018-01-01,61,47,33,41,45,24,52,35,52,34,25,100,17,7,43,36,26,27,93,26,30,74,82,14,14,0,24,54,37,6,82,70,56,42,68,29,36,47,37,66,23,39,36,56,87,8,31,35,60,81,67,42,53,82,0,44,24,18,100,78,61,39,30,20,55,0,54,18,58,0,22
2018-02-01,55,60,31,34,39,48,51,31,48,33,18,86,20,6,42,33,28,25,67,33,21,71,73,11,11,0,11,46,39,4,94,63,56,37,58,26,29,51,39,42,19,60,42,41,84,8,29,38,62,90,56,54,64,0,0,52,25,0,86,80,48,32,18,10,37,0,52,17,50,0,19
2018-03-01,51,46,44,46,48,56,46,29,46,31,18,84,16,6,41,25,14,24,79,30,33,72,71,14,14,0,9,48,49,4,100,72,57,35,57,30,35,40,31,21,20,31,33,49,86,7,26,35,66,70,58,33,45,65,0,48,21,18,90,85,66,53,34,14,45,12,47,15,49,0,21
2018-04-01,43,52,24,42,38,91,48,29,47,32,20,74,15,6,26,13,19,26,70,30,26,70,63,12,12,0,10,49,36,0,77,64,62,30,50,34,29,48,31,22,21,47,50,41,73,7,28,36,62,74,70,47,47,69,53,50,16,0,88,89,56,46,17,10,42,18,45,14,33,0,28
2018-05-01,46,61,49,41,42,69,48,33,50,34,19,64,17,5,34,17,31,29,78,36,25,70,62,9,9,0,11,48,31,0,72,70,71,30,51,32,32,45,37,21,21,46,32,40,69,7,29,35,75,69,44,41,60,60,0,47,21,27,94,80,58,32,19,13,53,15,51,15,34,0,18
2018-06-01,46,66,62,36,54,74,52,32,54,33,21,76,15,6,22,32,24,31,62,42,51,69,67,9,9,0,7,50,36,0,64,66,67,29,50,35,33,52,36,19,20,50,43,48,73,7,32,35,69,68,41,45,59,46,0,48,18,45,92,78,56,36,24,9,59,15,53,14,37,0,28
2018-07-01,65,74,58,40,48,100,51,28,52,39,18,89,16,5,33,28,24,39,75,36,20,71,69,11,11,0,8,52,50,0,58,62,73,40,58,35,37,50,38,20,21,29,46,47,91,6,31,37,72,59,67,42,63,73,85,53,17,37,88,87,58,37,42,10,49,21,54,13,46,0,28
2018-08-01,49,100,51,47,61,88,53,35,51,36,19,68,18,5,33,22,22,37,79,36,37,75,62,9,9,0,7,51,38,6,59,72,79,32,67,36,27,48,43,16,22,46,39,50,69,7,29,31,55,67,46,39,69,59,52,44,22,0,88,74,46,26,28,11,52,23,59,15,41,0,25
2018-09-01,34,85,60,36,37,95,59,33,49,33,39,53,19,7,22,25,21,29,82,29,54,71,52,16,16,0,6,42,51,7,64,70,79,23,67,45,32,42,43,18,23,52,59,38,53,8,29,35,65,61,68,47,60,49,0,37,20,22,85,50,42,15,24,13,53,13,57,20,35,0,21
2018-10-01,33,86,46,31,54,92,52,32,46,35,18,52,14,4,29,25,25,33,56,27,39,72,56,14,14,0,11,49,51,6,55,70,88,22,59,39,33,49,42,12,24,51,46,45,52,6,30,37,60,61,43,44,72,72,0,42,13,18,80,53,44,20,32,13,57,23,56,16,31,0,24
2018-11-01,38,69,59,35,49,52,60,33,47,32,21,51,19,6,32,37,24,60,54,32,39,86,61,15,15,0,15,44,53,15,51,67,66,27,58,34,32,51,50,18,23,40,31,44,51,7,26,33,59,46,39,33,54,41,0,42,19,0,83,68,50,31,21,13,53,18,50,12,42,0,22
2018-12-01,45,41,47,49,71,85,65,41,60,36,19,60,17,6,33,42,58,49,87,45,36,81,66,15,15,0,53,59,61,58,54,62,65,30,66,43,29,42,37,17,20,37,37,28,59,6,22,32,61,45,36,34,31,51,59,56,18,0,97,77,50,38,23,8,65,27,40,16,43,0,23
2019-01-01,62,66,49,47,54,90,57,31,46,30,20,98,14,5,26,32,31,25,79,38,35,71,100,12,12,0,29,62,46,56,51,53,56,40,52,36,28,39,34,10,23,39,44,47,92,8,27,32,49,48,40,44,43,40,0,56,21,21,90,91,55,36,38,17,53,18,58,22,68,0,16
2019-02-01,57,66,40,44,43,86,53,33,46,31,18,92,16,5,31,20,26,24,95,28,35,69,82,11,11,0,15,51,46,55,61,52,55,37,53,40,27,48,40,8,24,45,46,54,91,7,29,37,61,53,44,37,39,54,0,51,15,0,89,92,59,41,16,11,56,0,56,28,57,0,24
2019-03-01,49,66,49,36,52,76,52,28,41,30,17,86,15,6,24,21,15,24,61,30,26,66,75,12,12,0,9,52,54,57,54,53,56,32,48,38,27,43,34,14,19,51,40,46,87,6,27,34,52,48,46,37,58,51,0,53,17,0,88,94,56,49,18,15,53,28,49,10,50,0,26
2019-04-01,38,61,46,47,67,70,44,33,46,30,14,74,19,5,38,26,25,26,76,28,56,67,65,7,7,0,10,46,53,57,45,59,55,26,49,42,28,51,36,13,22,40,37,47,71,8,28,33,56,46,37,42,43,52,0,50,19,0,83,100,57,50,24,8,49,19,49,23,47,0,23
2019-05-01,40,75,53,48,65,69,47,27,40,25,18,74,16,6,35,21,28,29,82,25,47,66,64,11,11,0,10,47,48,48,53,61,68,26,54,43,29,53,48,19,20,36,43,49,70,7,23,29,48,47,39,37,47,54,0,48,20,31,82,82,56,36,25,15,44,13,52,20,45,0,24
2019-06-01,43,62,58,53,72,48,52,34,45,29,17,90,15,6,31,29,19,30,97,42,62,64,78,11,11,0,6,48,38,55,51,60,62,29,40,35,32,50,37,17,21,30,40,55,80,6,24,32,62,45,36,37,48,46,0,52,25,20,82,69,56,27,28,18,44,25,52,20,51,0,22
2019-07-01,41,75,43,60,72,72,45,32,48,28,16,85,15,4,27,21,23,34,73,35,40,68,71,10,10,0,10,55,59,54,48,51,70,28,53,41,40,53,44,16,21,48,33,53,77,7,23,33,52,43,40,37,73,53,61,53,21,35,83,83,61,32,36,13,60,19,51,10,53,0,21
2019-08-01,36,67,66,60,78,85,56,37,48,30,14,67,14,4,30,36,26,35,72,39,54,67,71,15,15,0,7,51,47,43,44,60,65,26,45,52,39,47,52,15,19,37,37,50,66,20,28,34,57,50,29,46,55,85,63,55,20,30,85,80,59,25,35,15,52,15,49,17,44,0,24
2019-09-01,47,80,62,67,100,56,94,37,53,29,19,83,18,6,26,21,30,26,69,42,74,61,59,22,22,0,5,50,48,38,34,61,66,32,50,47,45,54,46,16,30,47,47,66,81,100,36,37,59,48,61,44,100,39,0,40,16,0,95,50,100,12,0,11,49,16,61,21,42,0,17
2019-10-01,21,78,61,51,79,0,59,37,46,29,16,43,19,4,24,25,29,33,61,41,47,67,46,16,16,0,7,45,56,45,37,53,70,17,50,50,50,70,55,12,24,43,50,44,44,8,31,38,64,57,48,51,64,0,70,45,18,24,83,53,24,14,26,21,50,18,59,17,30,0,19
2019-11-01,27,62,49,40,48,58,66,36,44,26,17,47,17,5,33,34,38,61,89,38,54,82,56,18,18,0,15,45,79,36,43,57,69,22,43,66,43,55,43,16,23,44,39,41,49,6,28,35,60,48,42,38,61,62,0,47,21,25,86,63,19,25,25,26,51,24,48,18,38,0,27
2019-12-01,33,45,63,43,69,74,69,45,59,32,19,61,14,5,31,34,63,49,75,54,63,75,61,17,17,0,46,52,90,40,51,54,66,25,46,93,47,40,46,15,20,44,39,57,62,7,24,29,50,41,33,24,49,58,0,49,12,21,89,67,21,29,16,11,78,19,39,21,47,0,19
2020-01-01,49,79,64,40,72,67,56,31,47,24,18,91,16,7,35,24,27,27,57,45,46,66,85,14,14,0,28,61,69,44,48,56,58,32,43,86,45,48,44,14,18,37,38,55,88,7,29,31,50,48,42,53,42,58,0,53,22,23,89,74,25,34,35,0,48,17,52,23,100,0,28
2020-02-01,42,77,55,44,57,54,48,36,41,27,16,75,14,5,30,13,32,27,62,39,44,61,66,14,14,0,11,50,58,34,53,51,59,31,41,75,39,48,50,16,23,40,53,47,69,7,31,36,59,42,34,40,38,67,0,55,18,0,88,80,21,35,17,10,46,19,50,18,73,0,26
2020-03-01,25,50,45,65,60,58,48,29,43,25,18,39,13,5,40,19,15,22,72,57,93,56,98,12,12,0,7,81,61,13,37,55,63,18,41,76,49,47,49,21,15,29,37,40,46,6,23,31,53,31,21,26,59,64,0,35,0,0,73,55,21,27,25,10,47,25,37,23,34,22,23
2020-04-01,12,0,29,36,42,38,61,31,44,37,22,12,16,5,42,26,8,27,92,49,50,52,28,13,13,0,4,100,62,0,22,58,100,10,53,100,68,55,52,18,10,32,29,27,15,4,14,26,49,18,21,13,42,0,0,15,0,0,44,22,19,8,13,11,39,0,24,27,18,29,17
2020-05-01,15,22,31,41,45,45,62,34,44,27,19,14,17,5,41,41,27,38,50,42,45,69,27,18,18,0,5,90,68,0,17,50,70,12,47,82,58,55,52,23,12,37,34,43,15,6,25,32,62,31,22,19,49,0,0,18,0,0,56,24,22,9,15,16,49,100,29,16,28,20,21
2020-06-01,21,54,49,59,64,44,58,35,46,26,17,15,18,7,33,54,35,37,67,47,81,71,37,15,15,0,4,69,84,4,21,59,78,15,47,75,58,63,59,16,17,40,39,61,15,7,29,37,68,36,41,23,51,0,0,24,0,0,64,32,19,11,12,12,66,42,40,23,41,20,29
2020-07-01,20,56,56,46,66,65,53,34,48,26,17,13,17,6,41,38,23,35,70,49,47,72,34,16,16,0,5,70,72,5,31,64,74,15,47,64,58,64,56,17,18,39,49,56,13,6,28,36,62,34,31,32,60,27,0,30,0,0,72,55,28,19,0,13,70,22,42,18,40,23,23
2020-08-01,17,26,35,37,22,40,64,37,48,27,20,11,22,7,64,42,13,45,61,55,63,72,25,22,22,0,3,78,75,0,9,59,66,13,45,65,67,47,39,15,13,24,33,34,12,5,23,31,62,24,27,22,55,0,0,16,0,0,46,22,19,7,12,15,53,14,36,27,26,0,23
2020-09-01,14,61,45,43,47,61,61,33,39,23,19,11,26,9,51,43,32,40,53,35,56,70,23,19,19,17,4,58,68,0,24,54,75,11,40,55,62,59,50,16,20,49,46,50,12,6,26,33,62,32,30,17,43,0,0,29,0,0,61,24,25,7,0,10,63,38,39,20,26,31,21
2020-10-01,15,36,31,38,42,25,58,33,49,24,18,11,20,8,56,34,25,47,59,40,57,72,24,23,23,15,4,69,91,0,17,51,64,12,39,45,55,46,43,15,15,38,40,36,10,5,27,31,55,26,22,26,53,25,0,25,0,0,50,25,21,7,0,12,58,42,37,14,24,17,22
2020-11-01,15,34,64,35,55,60,63,34,44,22,16,10,18,7,42,57,36,100,55,41,35,83,23,30,30,14,5,54,86,0,21,50,65,11,38,51,49,60,39,22,14,37,36,32,9,5,24,28,50,26,10,10,37,0,0,26,0,0,53,27,18,9,0,17,56,32,34,21,21,0,20
2020-12-01,18,51,82,64,59,38,69,38,51,26,16,10,17,5,40,54,64,56,77,58,68,80,26,27,27,16,6,60,74,0,38,57,70,13,47,55,70,62,47,34,16,45,41,36,10,6,24,32,60,26,23,19,32,43,0,37,0,0,62,24,21,11,0,10,58,50,38,26,28,16,19
2021-01-01,25,52,45,49,44,44,58,28,43,19,17,14,19,5,26,27,29,38,62,40,61,63,39,23,23,0,7,64,75,4,37,54,61,17,37,43,59,50,44,65,15,38,46,33,14,5,27,32,50,29,30,22,38,32,0,38,0,0,59,35,26,18,0,8,51,23,39,17,31,23,17
2021-02-01,29,46,52,43,41,50,50,23,37,21,15,15,17,4,38,25,28,32,68,35,56,59,38,22,22,0,4,52,66,13,34,57,65,17,45,49,69,53,47,66,15,27,43,51,14,5,27,30,54,31,16,20,43,0,0,41,0,0,60,37,32,26,0,13,66,29,42,20,33,0,22
2021-03-01,41,57,48,50,50,42,45,27,31,18,14,18,15,2,31,31,24,32,68,34,50,57,50,21,21,20,5,50,65,16,39,49,63,24,41,36,59,59,58,51,14,36,33,48,17,5,27,30,49,26,30,15,43,0,0,43,9,0,63,45,31,24,12,11,62,20,42,17,41,26,23
2021-04-01,52,60,47,47,52,71,51,26,36,19,12,19,16,5,36,39,18,32,63,31,44,55,48,17,17,16,4,55,77,19,30,51,62,28,39,36,55,54,51,52,17,48,43,48,16,6,27,32,54,23,27,23,44,32,0,44,15,0,62,49,30,24,13,0,70,24,40,14,42,21,24
2021-05-01,53,70,54,43,40,72,50,29,37,20,15,22,15,3,30,37,26,36,79,47,58,58,53,18,18,18,4,52,63,16,33,51,64,28,36,33,61,55,49,62,15,42,34,49,19,6,26,34,51,34,22,20,40,50,0,50,13,0,67,58,34,31,20,7,53,38,47,18,32,0,23
2021-06-01,52,56,67,56,50,65,50,30,42,23,15,28,13,5,29,37,27,33,69,46,54,61,60,18,18,15,5,55,70,22,43,52,69,31,34,39,68,69,53,42,16,35,40,47,24,5,28,28,49,33,21,27,40,52,47,56,11,19,70,70,35,28,23,7,69,27,47,16,41,19,24
2021-07-01,55,61,48,85,67,73,54,27,43,19,15,31,14,5,33,43,31,36,68,42,55,57,57,18,18,23,8,49,77,27,38,56,71,32,33,39,68,63,54,25,15,44,42,37,27,5,24,31,53,28,19,15,47,62,55,63,12,17,70,72,35,32,23,9,61,29,50,19,45,22,23
2021-08-01,43,52,52,56,57,72,51,26,37,21,15,24,15,5,45,36,25,40,53,40,58,58,43,16,16,29,4,53,72,19,32,53,71,27,38,45,65,60,48,25,15,42,44,56,22,5,23,30,52,20,21,18,49,41,0,53,11,22,69,60,28,20,19,7,49,36,48,16,29,32,26
2021-09-01,42,42,42,33,75,42,50,26,40,18,14,21,17,4,50,45,24,34,49,37,45,54,38,16,16,19,5,50,64,16,29,49,66,26,34,35,59,61,41,26,17,40,53,41,19,5,23,29,51,26,22,17,44,0,0,44,0,0,66,36,23,11,19,9,52,22,41,17,27,27,23
2021-10-01,46,31,45,50,61,66,55,25,37,19,14,28,16,4,32,41,23,43,66,40,58,59,43,22,22,22,4,55,72,32,38,43,69,28,31,30,61,56,54,33,17,40,36,56,25,6,22,28,44,26,21,26,36,37,0,48,11,0,68,46,23,15,13,11,46,25,41,15,30,0,22
2021-11-01,52,45,48,52,52,57,57,30,39,18,17,31,14,4,41,42,25,61,51,39,37,67,48,23,23,25,6,47,70,26,37,47,66,29,34,35,53,59,53,38,15,41,35,42,27,5,22,27,44,21,17,11,40,38,0,51,13,0,64,65,29,27,17,8,57,24,47,16,33,0,26
2021-12-01,41,28,50,52,62,57,68,38,54,20,16,31,15,7,45,51,50,38,66,45,45,53,48,22,22,27,6,45,62,39,46,47,62,29,31,27,53,49,48,45,17,42,43,57,28,6,23,25,34,23,21,12,39,0,0,60,10,16,58,52,21,27,19,6,52,35,66,21,34,25,27
2022-01-01,58,37,57,69,83,51,63,34,49,23,17,41,20,6,38,45,25,31,54,41,44,56,69,20,20,22,5,54,65,26,38,42,60,36,35,33,50,57,44,47,20,48,55,51,32,8,27,31,45,27,31,18,52,48,0,60,10,12,66,57,30,27,15,0,53,13,59,15,57,19,27
2022-02-01,60,52,48,60,50,64,55,31,44,21,18,99,19,8,31,47,28,28,55,36,45,52,68,16,16,25,5,49,61,25,55,45,59,35,34,33,56,55,46,42,24,39,59,73,79,7,26,32,52,29,29,14,56,46,0,65,14,14,66,57,31,37,20,0,44,24,64,21,62,20,31
2022-03-01,54,46,51,47,68,58,57,31,46,23,20,60,19,6,33,56,26,27,55,47,50,48,72,16,16,23,8,45,50,25,43,45,61,30,37,33,51,63,47,44,23,46,71,59,48,9,33,31,44,28,21,18,46,45,75,69,22,18,70,70,35,40,22,4,46,26,58,22,61,40,36
2022-04-01,46,37,55,58,71,59,52,28,42,22,18,56,15,6,30,78,19,30,56,43,72,56,65,21,21,25,7,50,54,27,52,42,54,31,34,34,56,59,45,46,21,54,57,59,47,8,31,38,55,31,27,25,48,68,0,71,22,14,72,78,32,38,26,5,44,22,54,20,52,26,35
2022-05-01,46,47,41,56,81,47,57,30,44,20,17,54,15,5,31,57,21,28,67,48,52,51,57,17,17,22,7,48,56,31,45,44,64,26,38,34,53,57,54,47,24,49,64,56,47,8,31,32,47,30,27,20,59,64,0,66,11,18,75,69,37,27,24,6,45,31,59,18,50,26,33
2022-06-01,43,42,53,59,69,53,55,33,47,21,19,61,16,8,41,71,30,28,57,46,57,52,63,19,19,20,6,50,68,36,45,45,64,27,34,34,57,65,61,51,25,45,64,67,50,8,31,33,47,35,30,20,62,34,0,70,0,22,76,64,38,30,41,0,47,24,58,17,45,17,34
2022-07-01,44,36,56,72,83,52,59,33,49,21,19,65,16,6,37,60,26,35,61,48,67,60,61,19,19,30,13,55,85,39,45,57,72,26,40,41,55,63,57,37,23,56,69,76,51,8,31,36,52,29,29,28,57,25,73,77,15,22,80,77,35,33,42,8,39,28,58,22,48,28,74
2022-08-01,41,35,44,56,65,58,60,35,47,21,19,56,15,5,32,75,33,39,54,51,61,59,54,22,22,32,8,54,66,30,47,53,82,26,43,42,67,77,74,30,24,62,68,62,51,8,33,35,57,31,37,24,51,66,57,75,10,19,76,61,34,24,25,10,50,30,58,16,43,34,31
2022-09-01,31,34,38,62,78,21,59,30,52,19,17,54,16,5,34,67,31,31,60,48,67,56,57,21,21,24,5,52,74,29,45,53,65,22,36,40,60,67,62,27,22,48,52,70,46,8,31,34,57,32,33,30,48,46,40,69,11,16,76,49,35,14,29,0,42,25,54,19,36,32,39
2022-10-01,30,36,40,60,72,44,62,28,49,18,19,46,16,6,37,65,28,39,48,52,60,61,48,21,21,25,9,60,79,34,46,57,80,21,39,39,52,69,68,20,23,59,71,58,39,8,29,33,53,32,38,19,39,52,0,69,15,0,75,55,37,19,16,8,54,21,54,16,35,30,29
2022-11-01,36,32,32,59,70,32,69,30,47,19,18,57,17,5,37,96,34,60,54,47,57,70,53,30,30,28,12,45,78,33,52,64,75,23,41,39,55,65,63,41,18,44,59,56,45,7,25,33,50,26,24,16,43,45,0,70,13,0,70,56,38,22,17,8,58,29,43,18,40,23,31
2022-12-01,40,30,51,63,83,30,78,34,56,22,19,64,13,5,25,83,70,45,73,57,57,68,55,27,27,30,60,51,75,35,43,64,84,25,46,36,51,58,66,20,20,52,42,59,51,6,24,32,49,28,11,9,50,33,0,74,13,0,80,57,31,31,19,7,58,49,40,22,42,38,41
2023-01-01,55,38,49,69,72,37,71,27,50,19,18,92,17,4,42,56,30,29,48,48,44,61,94,21,21,33,33,45,69,25,47,52,74,33,33,40,52,60,63,23,23,46,54,53,80,6,30,32,52,34,31,18,37,66,52,72,16,14,75,78,37,29,35,6,44,26,55,22,65,28,37
2023-02-01,53,28,43,62,63,21,51,26,38,18,16,84,14,3,37,72,31,29,37,44,46,63,74,21,21,47,20,46,70,35,54,57,72,28,45,38,57,65,71,22,20,51,54,46,67,8,33,34,52,36,26,22,43,60,0,82,14,0,82,76,39,36,36,7,45,26,44,18,53,33,31
2023-03-01,48,43,45,62,70,30,54,24,40,15,17,81,15,4,40,51,23,28,51,42,62,59,66,23,23,37,18,44,73,31,51,53,82,26,37,38,56,74,81,16,23,45,55,49,64,6,33,36,62,32,29,19,33,63,0,83,17,18,85,84,43,35,26,5,48,22,44,16,49,27,31
2023-04-01,39,28,39,66,89,36,55,24,41,17,17,75,13,5,36,58,31,30,58,54,50,65,59,22,22,37,12,48,76,31,49,49,81,22,31,37,61,62,68,21,22,50,61,57,59,7,32,35,50,34,27,14,37,60,0,80,13,17,85,81,47,37,18,7,43,20,45,17,45,33,33
2023-05-01,43,35,45,70,67,26,56,26,41,16,15,77,12,3,32,60,37,29,44,42,55,62,56,20,20,33,10,45,76,34,49,53,82,24,35,38,62,64,77,17,21,51,62,59,59,7,31,36,57,36,32,14,52,51,0,77,10,13,83,74,35,33,24,8,57,36,46,21,47,33,35
2023-06-01,45,26,69,69,73,38,58,30,45,18,16,80,12,5,36,64,31,29,54,53,61,61,58,19,19,45,7,49,66,45,48,50,81,24,27,42,62,67,78,28,23,58,75,54,67,7,30,34,54,35,37,18,56,53,66,86,17,21,89,82,41,26,34,6,48,21,44,19,51,50,35
2023-07-01,40,33,69,94,93,48,64,28,45,19,17,69,14,4,38,71,30,37,51,59,77,67,56,19,19,34,12,49,78,50,55,53,95,22,37,43,72,72,92,19,20,50,66,76,56,7,32,35,53,34,34,19,51,52,87,84,17,21,93,75,41,31,47,0,51,29,46,19,45,33,28
2023-08-01,30,30,58,78,89,0,65,30,45,18,17,50,15,6,36,70,42,39,71,56,76,67,51,23,23,34,6,47,72,43,36,55,95,19,36,45,72,73,84,19,24,58,62,69,41,7,36,37,61,33,35,18,53,71,48,88,16,15,92,55,35,22,44,0,45,20,49,19,42,43,30
2023-09-01,26,31,45,74,54,0,69,27,49,17,18,46,17,4,37,65,40,34,57,49,100,69,44,19,19,34,5,43,64,34,43,55,95,17,36,37,72,81,85,15,26,53,70,58,39,7,37,41,58,40,40,23,44,42,55,75,18,14,83,42,33,15,22,0,52,31,51,18,33,37,29
2023-10-01,26,35,49,93,80,26,65,25,38,19,16,42,16,4,38,64,27,34,53,56,50,68,47,22,22,45,8,49,72,41,40,49,90,17,34,39,58,84,87,11,28,44,78,51,37,6,35,38,59,36,32,29,47,40,53,77,14,20,86,45,37,17,34,9,55,21,47,18,34,35,30
2023-11-01,33,27,56,70,69,0,68,27,41,17,17,54,15,5,30,100,38,58,51,48,54,81,49,26,26,31,13,45,100,29,50,52,89,19,34,40,68,62,88,17,22,49,73,55,46,6,30,32,45,34,29,18,36,43,0,79,16,0,83,38,40,25,27,9,45,28,41,17,36,45,26
2023-12-01,37,21,63,84,89,29,78,31,49,22,18,85,14,5,40,87,80,39,57,58,70,74,62,22,22,49,56,54,79,39,53,46,87,22,31,33,55,64,85,21,21,43,66,58,74,6,28,32,49,27,28,23,41,51,0,85,18,0,89,49,37,33,21,0,56,38,37,20,42,41,28
2024-01-01,51,24,56,80,65,36,63,27,46,17,19,86,16,6,43,49,33,27,38,38,62,64,77,18,18,43,35,51,61,33,44,53,71,28,31,33,64,63,87,24,23,37,70,70,74,7,32,38,64,39,53,12,39,50,51,78,17,0,88,56,39,34,15,6,51,20,45,21,61,31,33
2024-02-01,35,30,62,62,74,36,68,22,45,17,19,69,15,4,34,73,33,24,48,58,67,58,61,21,21,42,12,53,66,38,64,52,70,21,34,38,75,54,76,30,23,57,73,67,64,7,32,41,53,36,34,17,39,49,0,86,17,0,84,70,43,42,24,0,40,25,47,25,47,23,38
2024-03-01,35,27,63,74,79,46,61,23,43,16,18,60,15,5,35,60,20,25,40,47,65,61,64,21,21,28,12,53,54,30,61,52,67,22,33,40,69,69,79,41,23,48,90,65,57,8,33,41,61,31,38,13,50,86,58,92,15,0,89,80,42,45,30,0,36,31,49,23,46,34,30
2024-04-01,30,31,71,88,79,43,68,24,43,17,17,49,16,4,34,64,29,24,46,38,75,69,57,21,21,41,12,51,54,30,44,53,72,20,29,39,91,59,82,30,26,44,90,81,47,7,35,44,62,36,39,26,38,61,0,86,22,22,83,69,43,36,25,0,48,23,48,20,41,41,28
2024-05-01,35,30,71,94,87,26,59,23,39,17,16,53,13,6,31,70,39,26,56,47,84,62,51,21,21,37,9,46,46,27,57,52,77,20,35,36,82,63,93,21,27,59,81,89,46,8,38,45,58,38,39,20,41,75,0,86,26,0,83,64,43,34,24,0,47,38,52,23,40,36,33
2024-06-01,31,42,70,89,75,27,61,24,46,16,21,57,17,4,27,74,32,30,54,57,72,61,54,20,20,40,11,50,49,62,61,53,82,19,33,41,74,59,94,14,23,41,95,71,48,8,32,45,72,33,39,10,34,80,0,86,15,30,96,60,43,33,32,0,45,27,56,26,41,35,38
2024-07-01,31,24,70,93,82,53,64,25,51,16,17,54,16,5,32,64,33,33,50,46,60,62,50,20,20,55,13,43,71,48,40,51,74,19,25,38,100,60,94,15,26,54,64,64,45,8,35,43,68,36,43,19,46,83,84,91,30,28,87,57,44,29,29,9,45,29,48,17,40,54,30
2024-08-01,27,21,72,98,88,47,70,24,46,19,18,45,19,5,32,74,38,35,44,47,50,60,51,17,17,65,9,40,55,43,47,49,74,17,25,38,92,64,90,22,23,54,84,84,42,8,39,45,61,35,39,16,43,66,57,88,19,23,90,59,36,28,39,8,47,23,53,22,31,67,29
2024-09-01,25,27,61,64,75,34,63,26,55,16,18,46,17,4,37,66,36,27,42,60,75,66,45,22,22,54,10,44,44,27,38,49,73,16,32,36,80,66,99,16,30,60,82,70,40,8,35,45,63,33,44,17,52,43,62,78,28,0,88,42,34,17,0,0,39,26,55,18,34,54,35
2024-10-01,25,36,83,100,59,59,67,26,43,15,21,41,18,4,28,79,39,25,53,39,42,57,45,22,22,44,9,47,62,31,50,44,74,17,26,38,78,65,76,8,26,58,75,66,38,7,36,47,65,31,38,25,42,61,0,72,24,0,86,43,34,12,30,0,35,24,54,23,31,26,36
2024-11-01,28,21,67,71,51,52,72,26,51,16,20,44,16,5,32,77,34,36,42,42,55,66,53,24,24,36,12,45,70,26,45,43,64,18,25,34,71,61,91,40,25,57,68,51,39,8,38,43,54,25,38,14,23,38,0,82,12,0,77,45,33,24,0,9,44,42,58,22,36,61,31
2024-12-01,34,13,67,90,84,47,89,33,57,21,20,59,15,5,31,89,88,31,52,65,56,63,61,23,23,40,50,56,77,39,53,45,68,21,23,36,71,60,81,43,22,69,69,62,55,7,34,41,56,30,0,14,36,63,0,83,14,0,90,47,32,39,21,9,44,35,46,33,40,100,29
2025-01-01,40,21,67,76,85,42,70,26,49,15,19,77,19,6,26,65,33,22,49,43,53,52,76,18,18,33,42,54,64,43,62,48,61,26,24,41,79,58,93,36,30,69,76,70,73,7,36,40,61,29,42,15,35,56,52,87,19,17,82,59,40,32,23,0,41,16,55,19,52,74,33
2025-02-01,38,26,55,72,65,39,73,24,48,18,21,65,19,4,29,60,36,19,37,47,54,53,66,20,20,39,18,51,72,45,54,54,60,23,28,37,74,68,96,29,30,71,73,73,63,8,28,46,72,28,18,25,41,63,0,100,20,22,87,87,41,42,35,0,38,24,52,27,49,47,33
2025-03-01,34,24,64,99,82,45,71,22,45,17,17,67,18,4,37,50,29,19,48,58,56,53,63,22,22,43,12,51,81,35,57,42,66,22,24,44,72,65,85,31,26,70,81,66,64,7,35,44,66,30,27,14,38,69,0,88,19,0,90,93,47,47,15,0,40,16,51,27,46,42,37
2025-04-01,27,22,74,96,69,61,63,25,47,16,20,51,18,5,37,65,32,20,62,48,50,53,54,15,15,23,10,48,58,47,61,44,63,17,20,42,84,67,81,31,26,63,66,65,53,7,35,45,67,28,28,18,33,75,58,87,16,18,81,87,44,38,35,0,48,17,51,29,41,44,35
2025-05-01,33,24,66,89,65,28,68,26,47,17,17,54,20,7,31,54,36,21,42,45,40,53,56,17,17,42,11,54,52,65,62,43,66,20,25,38,68,59,92,24,28,63,100,82,50,8,41,48,62,30,44,19,37,71,0,86,0,15,83,62,45,32,42,0,50,30,58,22,39,25,42
2025-06-01,31,22,73,82,80,54,67,30,49,17,22,56,17,6,32,58,33,18,41,52,23,49,64,14,14,61,10,48,58,60,43,44,58,19,27,34,65,51,78,12,25,66,65,72,53,8,36,39,54,25,28,12,46,75,66,80,13,0,75,69,39,31,26,0,35,32,50,20,40,16,100
2025-07-01,31,24,73,78,74,50,69,22,46,15,16,69,18,6,24,62,27,25,46,52,38,59,59,15,15,45,12,45,66,52,39,52,79,21,26,36,75,64,80,22,27,61,66,60,64,6,36,44,63,31,27,14,35,58,73,85,15,26,88,66,43,32,26,0,37,37,54,19,40,45,52
2025-08-01,24,19,85,81,72,45,71,26,49,16,19,51,15,5,36,78,36,27,39,53,33,62,84,19,19,58,11,47,70,61,45,56,81,26,30,44,75,60,86,15,25,80,97,74,78,7,44,46,68,31,30,10,31,100,55,92,17,0,98,61,43,24,33,8,35,42,52,18,54,36,43
2025-09-01,21,24,100,91,65,33,73,26,52,18,19,45,18,5,34,72,38,21,50,62,25,60,69,20,20,61,8,47,67,69,36,59,81,22,30,39,80,60,88,18,27,68,90,64,64,6,40,46,61,35,46,17,29,58,0,74,0,0,94,43,42,13,18,0,42,38,58,16,44,53,40
2025-10-01,23,17,78,82,72,40,62,26,49,16,21,47,16,5,29,59,33,21,38,37,32,60,69,18,18,33,11,42,79,43,46,48,74,22,29,39,94,57,90,20,28,71,77,79,65,7,40,46,54,29,35,18,20,57,0,79,14,0,86,45,40,14,23,9,32,23,44,15,45,30,36
2025-11-01,25,12,85,93,63,64,79,30,56,17,20,57,17,4,37,86,33,36,29,43,47,80,65,24,24,43,14,37,82,45,60,52,69,24,27,40,80,54,83,34,29,69,80,74,75,8,38,48,63,21,24,0,20,58,0,88,13,18,84,44,37,25,28,0,41,24,43,24,51,39,42
2025-12-01,31,11,80,85,92,57,100,33,74,19,21,72,15,5,36,85,78,29,41,62,57,68,85,19,19,51,55,43,77,50,47,48,71,26,28,43,78,57,100,37,28,76,81,71,83,8,36,46,56,25,25,17,22,77,60,92,14,0,92,43,32,37,33,0,49,42,36,32,59,55,36
2026-01-01,40,10,68,72,78,28,80,26,62,19,21,91,16,3,24,57,30,18,50,46,22,56,98,15,15,25,43,44,72,48,53,40,58,27,22,32,71,48,80,22,30,39,78,75,90,8,41,44,60,25,20,7,18,46,31,91,12,10,88,56,36,33,41,3,35,9,46,16,64,20,43
